title,mantra
SRIRAM GITA,"श्रीमहादेव उवाच,ततो जगन्मङ्गलमङ्गलात्मना,   विधाय रामायणकीर्तिमुत्तमाम्,चचार पूर्वाचरितं रघूत्तमो,   राजर्षिवर्यैरभिसेवितं यथा।।1।।  "
SRIRAM GITA,"सौमित्रिणा पृष्ट उदारबुद्धिना,   रामः कथाः प्राह पुरातनीः शुभाः।,राज्ञः प्रमत्तस्य नृगस्य शापतो,   द्विजस्य तिर्यक्त्वमथाह राघवः।।2।।  "
KAPILA GITA," ,देवहूतिरुवाच,निर्विण्णा नितरां भूमन्नसदिन्द्रियतर्षणात्।,येन सम्भाव्यमानेन प्रपन्नास्मि तमः प्रभो।।1.1।।  "
SRUTI GITA,"ॐ जन्माद्यस्य यतोऽन्वयादितरतश्चार्थेष्वभिज्ञः स्वराट्,   तेने ब्रह्म हृदा य आदिकवये मुह्यन्ति यत्सूरयः।,तेजोवारिमृदां यथा विनिमयो यत्र त्रिसर्गोऽमृषा,   धाम्ना स्वेन सदा निरस्तकुहकं सत्यं परं धीमहि।।1।।"
UDDHAVA GITA,"श्रीशुक उवाच।,अथ ब्रह्मात्मजैर्देवैः प्रजेशैरावृतोऽभ्यगात्।,भवश्च भूतभव्येशो ययौ भूतगणैर्वृतः।।1।।"
ASHTAVAKRA GITA," ,                    जनक उवाच।,कथं ज्ञानमवाप्नोति कथं मुक्तिर्भविष्यति।,वैराग्यं च कथं प्राप्तमेतद् ब्रूहि मम प्रभो।।1.1।।  "
AVADHUTA GITA,"ईश्वरानुग्रहादेव पुंसामद्वैतवासना।,महद्भयपरित्राणाद्विप्राणामुपजायते।।1।।"
VIBHISHANA GITA," ,रावनु रथी बिरथ रघुबीरा। ,देखि बिभीषन भयउ अधीरा।।1।।  "
SRIRAM GITA,"कदाचिदेकान्त उपस्थितं प्रभुं,   रामं रमालालितपादपंकजम्।,सौमित्रिरासादितशुद्धभावनः,   प्रणम्य भक्त्या विनयान्वितोऽब्रवीत्।।3।।  "
KAPILA GITA,"तस्य त्वं तमसोऽन्धस्य दुष्पारस्याद्य पारगम्।,सच्चक्षुर्जन्मनामन्ते लब्धं मे त्वदनुग्रहात्।।1.2।।  "
SRUTI GITA,"जय जय जह्यजामजित दोषगृभीतगुणां,   त्वमसि यदात्मना समवरुद्धसमस्तभगः।,अगजगदोकसामखिलशक्त्यवबोधक ते,   क्वचिदजयात्मना च चरतोऽनुचरेन्निगमः।।2।।"
UDDHAVA GITA,"इन्द्रो मरुद्भिर्भगवानादित्या वसवोऽश्िवनौ।,ऋभवोऽङ्गिरसो रुद्रा विश्वे साध्याश्च देवताः।।2।।"
AVADHUTA GITA,"येनेदं पूरितं सर्वमात्मनैवात्मनात्मनि।,निराकारं कथं वन्दे ह्यभिन्नं शिवमव्ययम्।।2।।"
ASHTAVAKRA GITA,"अष्टवक्र उवाच।,मुक्तिमिच्छसि चेत्तात विषयान् विषवत्त्यज।,क्षमार्जवदयातोषसत्यं पीयूषवद्भज।।1.2।।  "
SRIRAM GITA,"त्वं शुद्धबोधोऽसि हि सर्वदेहिना,   मात्मास्यधीशोऽसि निराकृतिः स्वयम्।,प्रतीयसे ज्ञानदृशां महामते,   पादाब्जभृंगाहितसंगसंगिनाम्।।4।।  "
KAPILA GITA,"य आद्यो भगवान् पुंसामीश्वरो वै भवान् किल।,लोकस्य तमसान्धस्य चक्षुः सूर्य इवोदितः।।1.3।।  "
VIBHISHANA GITA,"अधिक प्रीति मन भा संदेहा।, बंदि चरन कह सहित सनेहा।।2।।  "
SRUTI GITA,"बृहदुपलब्धमेतदवयन्त्यवशेषतया,   यत उदयास्तमयौ विकृतेर्मृदिवाविकृतात्।,अत ऋषयो दधुस्त्वयि मनोवचनाचरितं,   कथमयथा भवन्ति भुवि दत्तपदानि नृणाम्।।3।।"
UDDHAVA GITA,"गन्धर्वाप्सरसो नागाः सिद्धचारणगुह्यकाः।,ऋषयः पितरश्चैव सविद्याधरकिन्नराः।।3।।"
AVADHUTA GITA,"पञ्चभूतात्मकं  विश्वं मरीचिजलसन्निभम्।,कस्याप्यहो नमस्कुर्यामहमेको निरञ्जनः।।3।।"
ASHTAVAKRA GITA,"न पृथ्वी न जलं नाग्निर्न वायुद्यौर्न वा भवान्।,एषां साक्षिणमात्मानं चिद्रूपं विद्धि मुक्तये।।1.3।।  "
SRIRAM GITA,"अहं प्रपन्नोऽस्मि पदाम्बुजं प्रभो,   भवापवर्गं तव योगिभावितम्।,यथाञ्जसाज्ञानमपारवारिधिं,   सुखं तरिष्यामि तथानुशाधि माम्।।5।।  "
KAPILA GITA,"अथ मे देव सम्मोहमपाक्रष्टुं त्वमर्हसि।,योऽवग्रहोऽहं ममेतीत्येतस्मिन् योजितस्त्वया।।1.4।।  "
VIBHISHANA GITA,"नाथ न रथ नहिं तन पद त्राना।, केहि बिधि जीतब बीर बलवाना।।3।।  "
SRUTI GITA,"इति तव सूरयस्त्र्यधिपतेऽखिललोकमल,   क्षपणकथामृताब्धिमवगाह्य तपांसि जहुः।,किमुत पुनः स्वधामविधुताशयकालगुणाः,   परम भजन्ति ये पदमजस्रसुखानुभवम्।।4।।"
UDDHAVA GITA,"द्वारकामुपसंजग्मुः सर्वे कृष्णदिदृक्षवः।,वपुषा येन भगवान्नरलोकमनोरमः।,यशो वितेने लोकेषु सर्वलोकमलापहम्।।4।।"
AVADHUTA GITA,"आत्मैव केवलं सर्वं भेदाभेदो न विद्यते।,अस्ति नास्ति कथं ब्रूयां विस्मयः प्रतिभाति मे।।4।।"
ASHTAVAKRA GITA,"यदि देहं पृथक्कृत्य चिति विश्राम्य तिष्ठसि।,अधुनैव सुखी शान्तो बन्धमुक्तो भविष्यसि।।1.4।।  "
SRIRAM GITA,"श्रुत्वाथ सौमित्रिवचोऽखिलं तदा,   प्राह प्रपन्नातिर्हरः प्रसन्नधीः।,विज्ञानमज्ञानतमःप्रशान्तये,   श्रुतिप्रपन्नं क्षितिपालभूषणः।।6।।  "
KAPILA GITA,"तं त्वा गताहं शरणं शरण्यं,स्वभृत्यसंसारतरोः कुठारम्।,जिज्ञासयाहं प्रकृतेः पूरुषस्य,नमामि सद्धर्मविदां वरिष्ठम्।।1.5।।  "
VIBHISHANA GITA,"सुनहु सखा कह कृपानिधाना। ,जेहिं जय होइ सो स्यंदन आना।।4।।  "
SRUTI GITA,"दृतय इव श्वसन्त्यसुभृतो यदि तेऽनुविधा,   महदहमादयोऽण्डमसृजन्यदनुग्रहतः।,पुरुषविधोऽन्वयोऽत्र चरमोऽन्नमयादिषु यः,   सदसतः परं त्वमथ यदेष्ववशेषमृतम्।।5।।"
UDDHAVA GITA,"तस्यां विभ्राजमानायां समृद्धायां महर्धिभिः।,व्यचक्षतावितृप्ताक्षाः कृष्णमद्भुतदर्शनम्।।5।।"
AVADHUTA GITA,"वेदान्तसारसर्वस्वं ज्ञानं विज्ञानमेव च।,अहमात्मा निराकारः सर्वव्यापी स्वभावतः।।5।।"
ASHTAVAKRA GITA,"न त्वं विप्रादिको वर्णो नाश्रमी नाक्षगोचरः।,असङ्गोऽसि निराकारो विश्वसाक्षी सुखी भव।।1.5।।  "
SRIRAM GITA,"आदौ स्ववर्णाश्रमवर्णिताः क्रियाः,   कृत्वा समासादितशुद्धमानसः।,समाप्य तत्पूर्वमुपात्तसाधनः,   समाश्रयेत्सद्गुरुमात्मलब्धये।।7।।  "
KAPILA GITA,"श्री भगवानुवाच,योगः आध्यात्मिकः पुंसां मतो निःश्रेयसाय मे।,अत्यन्तोपरतिर्यत्र दुःखस्य च सुखस्य च।।1.6।।  "
VIBHISHANA GITA,"सौरज धीरज तेहि रथ चाका।, सत्य सील दृढ़ ध्वजा पताका।।5।।  "
SRUTI GITA,"उदरमुपासते य ऋषिवर्त्मसु कूर्पदृशः,   परिसरपद्धतिं हृदयमारुणयो दहरम्।,तत उदगादनन्त तव धाम शिरः परमं,   पुनरिह यत्समेत्य न पतन्ति कृतान्तमुखे।।6।।"
UDDHAVA GITA,"स्वर्गोद्यानोपगैर्माल्यैश्छादयन्तो यदूत्तमम्।,गीर्भिश्चित्रपदार्थाभिस्तुष्टु वुर्जगदीश्वरम्।।6।।"
AVADHUTA GITA,"यो वै सर्वात्मको देवो निष्कलो गगनोपमः।,स्वभावनिर्मलः शुद्धः स एवाहं न संशयः।।6।।"
ASHTAVAKRA GITA,"धर्माधर्मौ सुखं दुःखं मानसानि न ते विभो।,न कर्तासि न भोक्तासि मुक्त एवासि सर्वदा।।1.6।।  "
SRIRAM GITA,"क्रिया शरीरोद्भवहेतुरादृता,   प्रियाप्रियौ तौ भवतः सुरागिणः।,धर्मेतरौ तत्र पुनः शरीरकं,   पुनः क्रिया चक्रवदीर्यते भवः।।8।।  "
KAPILA GITA,"तमिमं ते प्रवक्ष्यामि यमवोचं पुरानघे।,ऋषीणां श्रोतुकामानां योगं सर्वाङ्गनैपुणम्।।1.7।।  "
VIBHISHANA GITA,"बल बिबेक दम परहित घोरे।, क्षमा कृपा समता रजु जोरे।।6।।  "
SRUTI GITA,"स्वकृतविचित्रयोनिषु विशन्निव हेतुतया,   तरतमतश्चकास्स्यनलवत्स्वकृतानुकृतिः।,अथ वितथास्वमूष्ववितथं तव धाम समं,   विरजधियोऽन्वयन्त्यभिविपण्यव एकरसम्।।7।।"
UDDHAVA GITA,"देवा ऊचुः।,नताः स्म ते नाथ पदारविन्दं,बुद्धीन्द्रियप्राणमनोवचोभिः।,यच्चिन्त्यतेऽन्तर्हृदि भावयुक्तै,र्मुमुक्षुभिः कर्ममयोरुपाशात्।।7।।"
AVADHUTA GITA,"अहमेवाव्ययोऽनन्तः शुद्धविज्ञानविग्रहः।,सुखं दुःखं न जानामि कथं कस्यापि वर्तते।।7।।"
ASHTAVAKRA GITA,"एको द्रष्टासि सर्वस्य मुक्तप्रायोऽसि सर्वदा।,अयमेव हि ते बन्धो द्रष्टारं पश्यसीतरम्।।1.7।।  "
SRIRAM GITA,"अज्ञानमेवास्य हि मूलकारणं,   तद्धानमेवात्र विधौ विधीयते।,विद्यैव तन्नाशविधौ पटीयसी,   न कर्म तज्जं सविरोधमीरितम्।।9।।  "
KAPILA GITA,"चेतः खल्वस्य बन्धाय मुक्तये चात्मनो मतम्।,गुणेषु सक्तं बन्धाय रतं वा पुंसि मुक्तये।।1.8।।  "
VIBHISHANA GITA,"ईस भजनु सारथी सुजाना। ,बिरति चर्म संतोष कृपाना।।7।।  "
SRUTI GITA,"स्वकृतपुरेष्वमीष्वबहिरन्तरसंवरणं,   तव पुरुषं वदन्त्यखिलशक्तिधृतोंऽशकृतम्।,इति नृगतिं विविच्य कवयो निगमावपनं,   भवत उपासतेऽङ्घ्रिमभवं भुवि विश्वसिताः।।8।।"
UDDHAVA GITA,"त्वं मायया त्रिगुणयाऽऽत्मनि दुर्विभाव्यं,व्यक्तं सृजस्यवसि लुम्पसि तद्गुणस्थः।,नैतैर्भवानजित कर्मभिरज्यते वै,यत्स्वे सुखेऽव्यवहितेऽभिरतोऽनवद्यः।।8।।"
AVADHUTA GITA,"न मानसं कर्म शुभाशुभं मे,	न कायिकं कर्म शुभाशुभं मे।,न वाचिकं कर्म शुभाशुभं मे,	ज्ञानमृतं शुद्धमतीन्द्रियो़ऽहम्।।8।।"
SRIRAM GITA,"नाज्ञानहानिर्न च रागसंक्षयो,   भवेत्ततः कर्म सदोषमुद्भवेत्।,ततः पुनः संसृतिरप्यवारिता,   तस्माद्बुधो ज्ञानविचारवान्भवेत्।।10।।  "
KAPILA GITA,"न युज्यमानया भक्त्या भगवत्यखिलात्मनि।,सदृशोऽस्ति शिवः पन्थाः योगिनां ब्रह्मसिद्धये।।1.9।।  "
VIBHISHANA GITA,"दान परसु बुधि सक्ति प्रचंडा।, बर विग्यान कठिन कोदंडा।।8।।  "
SRUTI GITA,"दुरवगमात्मतत्त्वनिगमाय तवात्ततनो,   श्चरितमहामृताब्धिपरिवर्तपरिश्रमणाः।,न परिलषन्ति केचिदपवर्गमपीश्वर ते,   चरणसरोजहंसकुलसङ्गविसृष्टगृहाः।।9।।"
UDDHAVA GITA,"शुद्धिर्नृणां न तु तथेड्य दुराशयानां,विद्याश्रुताध्ययनदानतपःक्रियाभिः।,सत्त्वात्मनामृषभ ते यशसि प्रवृद्ध,सच्छृद्धया श्रवणसंभृतया यथा स्यात्।।9।।"
ASHTAVAKRA GITA,"अहं कर्तेत्यहंमानमहाकृष्णाहिदंशितः।,नाहं कर्तेति विश्वासामृतं पीत्वा सुखी भव।।1.8।।  "
AVADHUTA GITA,"मनो वै गगनाकारं मनो वै सर्वतोमुखम्।,मनो़ऽतीतं मनः सर्वं न मनः परमार्थतः।।9।।"
SRIRAM GITA,"ननु क्रिया वेदमुखेन चोदिता,   तथैव विद्या पुरुषार्थसाधनम्।,कर्तव्यता प्राणभृतः प्रचोदिता,   विद्यासहायत्वमुपैति सा पुनः।।11।।  "
KAPILA GITA,"प्रसङ्गमजरं पाशमात्मनः कवयो विदुः।,स एव साधुषु कृतो मोक्षद्वारमपावृतम्।।1.10।।  "
VIBHISHANA GITA,"अमल अचल मन त्रोन समाना।, सम जम नियम सिलीमुख नाना।।9।।  "
SRUTI GITA,"त्वदनुपथं कुलायमिदमात्मसुहृत्प्रियव,   च्चरति तथोन्मुखे त्वयि हिते प्रिय आत्मनि च।,न बत रमन्त्यहो असदुपासनयात्महनो,   यदनुशया भ्रमन्त्युरुभये कुशरीरभृतः।।10।।"
UDDHAVA GITA,"स्यान्नस्तवाङ्घ्रिरशुभाशयधूमकेतुः,क्षेमाय यो मुनिभिरार्द्रहृदोह्यमानः।,यः सात्वतैः समविभूतय आत्मवद्भि,र्व्यूहेऽर्चितः सवनशः स्वरतिक्रमाय।।10।।"
ASHTAVAKRA GITA,"एको विशुद्धबोधोऽहमिति निश्चयवह्निना।,प्रज्वाल्याज्ञानगहनं वीतशोकः सुखी भव।।1.9।।  "
AVADHUTA GITA,"अहमेकमिदं सर्वं व्योमातीतं निरन्तरम्।,पश्यामि कथमात्मानं प्रत्यक्षं वा तिरोहितम्।।10।।"
SRIRAM GITA,"कर्माकृतौ दोषमपि श्रुतिर्जगौ,   तस्मात्सदा कार्यमिदं मुमुक्षुणा।,ननु स्वतन्त्रा ध्रुवकार्यकारिणी,   विद्या न किञ्चिन्मनसाप्यपेक्षते।।12।।  "
KAPILA GITA,"तितिक्षवः कारुणिकाः सुहृदः सर्वदेहिनाम्।,अजातशत्रवः शान्ताः साधवः साधुभूषणाः।।1.11।।  "
VIBHISHANA GITA,"कवच अभेद बिप्र गुर पूजा।, एहि सम बिजय उपाय न दूजा।।10।।  "
UDDHAVA GITA,"यश्चिन्त्यते प्रयतपाणिभिरध्वराग्नौ,त्रय्या निरुक्तविधिनेश हविर्गृहीत्वा।,अध्यात्मयोग उत योगिभिरात्ममायां,जिज्ञासुभिः परमभागवतैः परीष्टः।।11।।"
ASHTAVAKRA GITA,"यत्र विश्वमिदं भाति कल्पितं रज्जुसर्पवत्।,आनन्दपरमानन्दः स बोधस्त्वं सुखं चर।।1.10।।  "
AVADHUTA GITA,"त्वमेवमेकं हि कथं न बुध्यसे,	समं हि सर्वेषु विमृष्टमव्ययम्।,सदोदितोऽसि त्वमखण्डितः प्रभो,	दिवा च नक्तं च कथं हि मन्यसे।।11।।"
SRIRAM GITA,"न सत्यकार्योऽपि हि यद्वदध्वरः,   प्रकाङ्क्षतेऽन्यानपि कारकादिकान्।,तथैव विद्या विधितः प्रकाशितै,   र्विशिष्यते कर्मभिरेव मुक्तये।।13।।  "
KAPILA GITA,"मय्यनन्येन भावेन भक्तिं कुर्वन्ति ये दृढाम्।,मत्कृते त्यक्तकर्माणस्त्यक्तस्वजनबान्धवाः।।1.12।।  "
VIBHISHANA GITA,"सखा धर्ममय अस रथ जाकें। ,जीतन कहन कतहुरिपु ताकें।।11।।  "
UDDHAVA GITA,"पर्युष्टया तव विभो वनमालयेयं,संस्पर्धिनी भगवती प्रतिपत्निवच्छ्रीः।,यः सुप्रणीतममुयार्हणमाददन्नो,भूयात्सदाङ्घ्रिरशुभाशयधूमकेतुः।।12।।"
ASHTAVAKRA GITA,"मुक्ताभिमानी मुक्तो हि बद्धो बद्धाभिमान्यपि।,किंवदन्तीह सत्येयं या मतिः सा गतिर्भवेत्।।1.11।।  "
AVADHUTA GITA,"आत्मानं सततं विद्धि सर्वत्रैकं निरन्तरम्।,अहं ध्याता परं ध्येयमखण्डं खण्ड्यते कथम्।।12।।"
SRIRAM GITA,"केचिद्वदन्तीति वितर्कवादिन,   स्तदप्यसदृष्टविरोधकारणात्।,देहाभिमानादभिवर्धते क्रिया,   विद्या गताहङ्कृतितः प्रसिद्ध्यति।।14।।  "
KAPILA GITA,"मदाश्रयाः कथा मृष्टाः शृण्वन्ति कथयन्ति च।,तपन्ति विविधास्तापाः नैतान् मद्गतचेतसः।।1.13।।  "
SRUTI GITA,"निभृतमरुन्मनोऽक्षदृढयोगयुजो हृदि य,   न्मुनय उपासते तदरयोऽपि ययुः स्मरणात्।,स्त्रिय उरगेन्द्रभोगभुजदण्डविषक्तधियो,   वयमपि ते समाः समदृशोऽङ्घ्रिसरोजसुधाः।।11।।"
VIBHISHANA GITA,"महा अजय संसार रिपु जीति सकइ सो बीर।,जाकें अस रथ होइ दृढ़ सुनहु सखा मतिधीर।।12।।  "
UDDHAVA GITA,"केतुस्त्रिविक्रमयुतस्त्रिपतत्पताको,यस्ते भयाभयकरोऽसुरदेवचम्वोः।,स्वर्गाय साधुषु खलेष्वितराय भूमन्,पादः पुनातु भगवन्भजतामघं नः।।13।।"
ASHTAVAKRA GITA,"आत्मा साक्षी विभुः षूर्ण एको मुक्तश्चिदक्रियः।,असङ्गो निस्पृहः शान्तो भ्रमात् संसारवानिव।।1.12।।  "
AVADHUTA GITA,"न जातो न मृतोऽसि त्वं न ते देहः कदाचन।,सर्वं ब्रह्मेति विख्यातं ब्रवीति बहुधा श्रुतिः।।13।।"
SRIRAM GITA,"विशुद्धविज्ञानविरोचनाञ्चिता,   विद्यात्मवृत्तिश्चरमेति भण्यते।,उदेति कर्माखिलकारकादिभि,   र्निहन्ति विद्याखिलकारकादिकम्।।15।।  "
KAPILA GITA,"त एते साधवः साध्वि सर्वसङ्गविवर्जिताः।,सङ्गस्तेष्वथ ते प्रार्थ्यः सङ्गदोषहरा हि ते।।1.14।।  "
SRUTI GITA,"क इह नु वेद बतावरजन्मलयोऽग्रसरं,   यत उदगादृषिर्यमनु देवगणा उभये।,तर्हि न सन्न चासदुभयं न च कालजवः,   किमपि न तत्र शास्त्रमवकृष्य शयीत यदा।।12।।"
VIBHISHANA GITA,"सुनि प्रभु बचन बिभीषन हरषि गहे पद कंज।,एहि मिस मोहि उपदेसेहु राम कृपा सुख पुंज।।13।। ,              "
UDDHAVA GITA,"नस्योतगाव इव यस्य वशे भवन्ति,ब्रह्मादयस्तनुभृतो मिथुरर्द्यमानाः।,कालस्य ते प्रकृतिपूरुषयोः परस्य,शं नस्तनोतु चरणः पुरुषोत्तमस्य।।14।।"
ASHTAVAKRA GITA,"कूटस्थं बोधमद्वैतमात्मानं परिभावय।,आभासोऽहं भ्रमं मुक्त्वा भावं बाह्यमथान्तरम्।।1.13।।  "
AVADHUTA GITA,"स बाह्याम्यन्तरोऽसि त्वं शिवः सर्वत्र सर्वदा।,इतस्ततः कथं भ्रान्तः प्रधावसि पिशाचवत्।।14।।"
SRIRAM GITA,"तस्मात्त्यजेत्कार्यमशेषतः सुधी,   र्विद्याविरोधान्न समुच्चयो भवेत्।,आत्मानुसन्धानपरायणः सदा,   निवृत्तसर्वेन्द्रियवृत्तिगोचरः।।16।।  "
KAPILA GITA,"देवहूतिरुवाच,काचित् त्वय्युचिता भक्तिः कीदृशी मम गोचरा।,यया पदं ते निर्वाणमञ्जसान्वाश्नवा अहम्।।1.15।।  "
SRUTI GITA,"जनिमसतः सतो मृतिमुतात्मनि ये च भिदां,   विपणमृतं स्मरन्त्युपदिशन्ति त आरुपितैः।,त्रिगुणमयः पुमानिति भिदा यदबोधकृता,   त्वयि न ततः परत्र स भवेदवबोधरसे।।13।।"
UDDHAVA GITA,"अस्यासि हेतुरुदयस्थितिसंयमाना,मव्यक्तजीवमहतामपि कालमाहुः।,सोऽयं त्रिणाभिरखिलापचये प्रवृत्तः,कालो गभीररय उत्तमपूरुषस्त्वम्।।15।।"
AVADHUTA GITA,"संयोगश्च वियोगश्च वर्तते न च ते न मे।,न त्वं नाहं जगन्नेदं सर्वमात्मैव केवलम्।।15।।"
SRIRAM GITA,"यावच्छरीरादिषु माययात्मधी,   स्तावद्विधेयो विधिवादकर्मणाम्।,नेतीति वाक्यैरखिलं निषिध्य त,   ज्ज्ञात्वा परात्मानमथ त्यजेत्िक्रयाः।।17।।  "
ASHTAVAKRA GITA,"देहाभिमानपाशेन चिरं बद्धोऽसि पुत्रक।,बोधोऽहं ज्ञानखङ्गेन तन्िनकृत्य सुखी भव।।1.14।।  "
KAPILA GITA,"यो योगो भगवद्बाणो निर्वाणात्मंस्त्वयोदितः।,कीदृशः कति चाङ्गानि यतस्तत्त्वावबोधनम्।।1.16।।  "
SRUTI GITA,"सदिव मनस्त्रिवृत्त्वयि विभात्यसदामनुजा,   त्सदभिमृशन्त्यशेषमिदमात्मतयाऽऽत्मविदः।,न हि विकृतिं त्यजन्ति कनकस्य तदात्मतया,   स्वकृतमनुप्रविष्टमिदमात्मतयावसितम्।।14।।"
UDDHAVA GITA,"त्वत्तः पुमान्समधिगम्य ययास्य वीर्यं,धत्ते महान्तमिव गर्भममोघवीर्यः।,सोऽयं तयानुगत आत्मन आण्डकोशं,हैमं ससर्ज बहिरावरणैरुपेतम्।।16।।"
AVADHUTA GITA,"शब्दादिपञ्चकस्यास्य नैवासि त्वं न ते पुनः।,त्वमेव परमं तत्त्वमतः किं परितप्यसे।।16।।"
SRIRAM GITA,"यदा परात्मात्मविभेदभेदकं,   विज्ञानमात्मन्यवभाति भास्वरम्।,तदैव माया प्रविलीयतेऽञ्जसा,   सकारका कारणमात्मसंसृतेः।।18।।  "
ASHTAVAKRA GITA,"निःसङ्गो निष्क्रियोऽसि त्वं स्वप्रकाशो निरञ्जनः।,अयमेव हि ते बन्धः समाधिमनुतिष्ठसि।।1.15।।  "
KAPILA GITA,"तदेतन्मे विजानीहि यथाहं मन्दधीर्हरे।,सुखं बुद्ध्येय दुर्बोधं योषा भवदनुग्रहात्।।1.17।।  "
SRUTI GITA,"तव परि ये चरन्त्यखिलसत्त्वनिकेततया,   त उत पदाक्रमन्त्यविगणय्य शिरो निऋर््तेः।,परिवयसे पशूनिव गिरा विबुधानपि तां,   स्त्वयि कृतसौहृदाः खलु पुनन्ति न ये विमुखाः।।15।।"
UDDHAVA GITA,"तत्तस्थुषश्च जगतश्च भवानधीशो,यन्माययोत्थगुणविक्रिययोपनीतान्।,अर्थान्जुषन्नपि हृषीकपते न लिप्तो,येऽन्ये स्वतः परिहृतादपि बिभ्यति स्म।।17।।"
AVADHUTA GITA,"जन्म मृत्युर्न ते चित्तं बन्धमोक्षौ शुभाशुभौ।,कथं रोदिषि रे वत्स नामरूपं न ते न मे।।17।।"
SRIRAM GITA,"श्रुतिप्रमाणाभिविनाशिता च सा,   कथं भविष्यत्यपि कार्यकारिणी।,विज्ञानमात्रादमलाद्वितीयत,   स्तस्मादविद्या न पुनर्भविष्यति।।19।।  "
ASHTAVAKRA GITA,"त्वया व्याप्तमिदं विश्वं त्वयि प्रोतं यथार्थतः।,शुद्धबुद्धस्वरूपस्त्वं मा गमः क्षुद्रचित्तताम्।।1.16।।  "
KAPILA GITA,"श्रीभगवानुवाच,देवानां गुणलिङ्गानामानुश्रविककर्मणाम्।,सत्त्व एवैकमनसो वृत्तिः स्वाभाविकी तु या।।1.18।।  "
SRUTI GITA,"त्वमकरणः स्वराडखिलकारकशक्तिधर,   स्तव बलिमुद्वहन्ति समदन्त्यजयानिमिषाः।,वर्षभुजोऽखिलक्षितिपतेरिव विश्वसृजो,   विदधति यत्र ये त्वधिकृता भवतश्चकिताः।।16।।"
UDDHAVA GITA,"स्मायाऽवलोकलवदर्शितभावहारि,भ्रूमण्डलप्रहितसौरतमन्त्रशौण्डैः।,पत्न्यस्तु षोडशसहस्रमनङ्गबाणै,र्यस्येन्द्रियं विमथितुं करणैर्न विभ्व्यः।।18।।"
AVADHUTA GITA,"अहो चित्त कथं भ्रान्तः प्रधावसि पिशाचवत्।,अभिन्नं पश्य चात्मानं रागत्यागात्सुखी भव।।18।।"
SRIRAM GITA,"यदि स्म नष्टा न पुनः प्रसूयते,   कर्ताहमस्येति मतिः कथं भवेत्।,तस्मात्स्वतन्त्रा न किमप्यपेक्षते,   विद्या विमोक्षाय विभाति केवला।।20।।  "
ASHTAVAKRA GITA,"निरपेक्षो निर्विकारो निर्भरः शीतलाशयः।,अगाधबुद्धिरक्षुब्धो भव चिन्मात्रवासनः।।1.17।।  "
KAPILA GITA,"अनिमित्ता भागवती भक्तिः सिद्धेर्गरीयसी।,जरयत्याशु या कोशं निर्गीणमनलो यथा।।1.19।।  "
SRUTI GITA,"स्थिरचरजातयः स्युरजयोत्थनिमित्तयुजो,   विहर उदीक्षया यदि परस्य विमुक्त ततः।,नहि परमस्य कश्चिदपरो न परश्च भवे,   द्वियत इवापदस्य तव शून्यतुलां दधतः।।17।।"
UDDHAVA GITA,"विभ्व्यस्तवामृतकथोदवहास्त्रिलोक्याः,पादावनेजसरितः शमलानि हन्तुम्।,आनुश्रवं श्रुतिभिरङ्घ्रिजमङ्गसङ्गै,स्तीर्थद्वयं शुचिषदस्त उपस्पृशन्ति।।19।।"
AVADHUTA GITA,"त्वमेव तत्त्वं हि विकारवर्जितं,	निष्कम्पमेकं हि विमोक्षविग्रहम्।,न ते च रागौ ह्यथवा विरागः,	कथं हि सन्तप्यसि कामकामतः।।19।।"
SRIRAM GITA,"सा तैत्तिरीयश्रुतिराह सादरं,   न्यासं प्रशस्ताखिलकर्मणां स्फुटम्।,एतावदित्याह च वाजिनां श्रुति,   र्ज्ञानं विमोक्षाय न कर्म साधनम्।।21।।  "
ASHTAVAKRA GITA,"साकारमनृतं विद्धि निराकारं तु निश्चलम्।,एतत्तत्वोपदेशेन न पुनर्भवसम्भवः।।1.18।।  "
KAPILA GITA,"नैकात्मतां मे स्पृहन्ति केचिन्मत्पादसेवाभिरता मदीहाः।,येऽन्योन्यतो भागवताः प्रसज्य सभाजयन्ते मम पौरुषाणि।।1.20।।  "
SRUTI GITA,"अपरिमिता ध्रुवास्तनुभृतो यदि सर्वगता,   स्तर्हि न शास्यतेति नियमो ध्रुव नेतरथा।,अजनि च यन्मयं तदविमुच्य नियन्तृ भवे,   त्सममनुजानतां यदमतं मतदुष्टतया।।18।।"
UDDHAVA GITA,"बादरायणिरुवाच।,इत्यभिष्टूय विबुधैः सेशः शतधृतिर्हरिम्।,अभ्यभाषत गोविन्दं प्रणम्याम्बरमाश्रितः।।20।।"
AVADHUTA GITA,"वदन्ति श्रुतयः सर्वाः निर्गुणं शुद्धमव्ययम्।,अशरीरं समं तत्त्वं तन्मां विद्धि न संशयः।।20।।"
SRIRAM GITA,"विद्यासमत्वेन तु दर्शितस्त्वया,   क्रतुर्न दृष्टान्त उदाहृतः समः।,फलैः पृथक्त्वाद्बहुकारकैः क्रतुः,   संसाध्यते ज्ञानमतो विपर्ययम्।।22।।  "
ASHTAVAKRA GITA,"यथैवादर्शमध्यस्थे रूपेऽन्तः परितस्तु सः।,तथैवास्मिन् शरीरेऽन्तः परितः परमेश्वरः।।1.19।।  "
KAPILA GITA,"पश्यन्ति ते मे रुचिराण्यम्ब सन्तः प्रसन्नवक्त्रारुणलोचनानि।,रूपाणि दिव्यानि वरप्रदानि साकं वाचं स्पृहणीयां वदन्ति।।1.21।।  "
SRUTI GITA,"न घटत उद्भवः प्रकृतिपूरुषयोरजयो,   रुभययुजा भवन्त्यसुभृतो जलबुद्बुदवत्।,त्वयि त इमे ततो विविधनामगुणैः परमे,   सरित इवार्णवे मधुनि लिल्युरशेषरसाः।।19।।"
UDDHAVA GITA,"ब्रह्मोवाच।,भूमेर्भारावताराय पुरा विज्ञापितः प्रभो।,त्वमस्माभिरशेषात्मंस्तत्तथैवोपपादितम्।।21।।"
AVADHUTA GITA,"साकारमनृतं विद्धि निराकारं निरन्तरम्।,एतत्तत्त्वोपदेशेन न पुनर्भवसम्भवः।।21।।"
SRIRAM GITA,"सप्रत्यवायो ह्यहमित्यनात्मधी,   रज्ञप्रसिद्धा न तु तत्त्वदर्शिनः।,तस्माद् बुधैस्त्याज्यमविक्रियात्मभि,   र्विधानतः कर्म विधिप्रकाशितम्।।23।।  "
ASHTAVAKRA GITA,"एकं सर्वगतं व्योम बहिरन्तर्यथा घटे।,नित्यं निरन्तरं ब्रह्म सर्वभूतगणे तथा।।1.20।। ,              "
KAPILA GITA,"न कर्हिचिन्मत्पराः शान्तिरूपे,नङ्क्षयन्ति नो मेऽनिमिषो लेढि हेतिः।,येषामहं प्रिय आत्मा सुतश्च,सखा गुरुः सुहृदो दैवमिष्टम्।।1.22।।  "
SRUTI GITA,"नृषु तव मायया भ्रमममीष्ववगत्य भृशं,   त्वयि सुधियोऽभवे दधति भावमनुप्रभवम्।,कथमनुवर्ततां भवभयं तव यद्भ्रुकुटिः,   सृजति मुहुस्त्रिणेमिरभवच्छरणेषु भयम्।।20।।"
UDDHAVA GITA,"धर्मश्च स्थापितः सत्सु सत्यसन्धेषु वै त्वया।,कीर्तिश्च दिक्षु विक्षिप्ता सर्वलोकमलापहा।।22।।"
AVADHUTA GITA,"एकमेव समं तत्त्वं वदन्ति हि विपश्चितः।,रागत्यागात्पुनश्चित्तमेकानेकं न विद्यते।।22।।"
SRIRAM GITA,"श्रद्धान्वितस्तत्त्वमसीति वाक्यतो,   गुरोः प्रसादादपि शुद्धमानसः।,विज्ञाय चैकात्म्यमथात्मजीवयोः,   सुखी भवेन्मेरुरिवाप्रकम्पनः।।24।।  "
ASHTAVAKRA GITA," ,                   ,जनक उवाच।,अहो निरञ्जनः शान्तो बोधोऽहं प्रकृतेः परः।,एतावन्तमहं कालं मोहेनैव विडम्बितः।।2.1।।  "
KAPILA GITA,"इमं लोकं तथैवामुमात्मानमुभयायिनम्।,आत्मानमनु ये चेह ये रायः पशवो गृहाः।।1.23।।  "
SRUTI GITA,"विजितहृषीकवायुभिरदान्तमनस्तुरगं,   य इह यतन्ति यन्तुमतिलोलमुपायखिदः।,व्यसनशतान्विताः समवहाय गुरोश्चरणं,   वणिज इवाज सन्त्यकृतकर्णधरा जलधौ।।21।।"
UDDHAVA GITA,"अवतीर्य यदोर्वंशे बिभ्रद्रूपमनुत्तमम्।,कर्माण्युद्दामवृत्तानि हिताय जगतोऽकृथाः।।23।।"
AVADHUTA GITA,"अनात्मरूपं च कथं समाधि,	रात्मस्वरूपं च कथं समाधिः।,अस्तीति नास्तीति कथं समाधि,	र्मोक्षस्वरूपं यदि सर्वमेकम्।।23।।"
SRIRAM GITA,"आदौ पदार्थागतिर्हि कारणं,   वाक्यार्थविज्ञानविधौ विधानतः।,तत्त्वम्पदार्थौ परमात्मजीवका,   वसीति चैकात्म्यमथानयोर्भवेत्।।25।।  "
ASHTAVAKRA GITA,"यथा प्रकाशयाम्येको देहमेनं तथा जगत्।,अतो मम जगत्सर्वमथवा न च किञ्चन।।2.2।।  "
SRUTI GITA,"स्वजनसुतात्मदारधनधामधरासुरथै,   स्त्वयि सति किं नृणां श्रयत आत्मनि सर्वरसे।,इति सदजानतां मिथुनतो रतये चरतां,   सुखयति कोन्विह स्वविहते स्वनिरस्तभगे।।22।।"
UDDHAVA GITA,"यानि ते चरितानीश मनुष्याः साधवः कलौ।,श्रृण्वन्तः कीर्तयन्तश्च तरिष्यन्त्यञ्जसा तमः।।24।।"
AVADHUTA GITA,"विशुद्धोऽसि समं तत्त्वं विदेहस्त्वमजोऽव्ययः।,जानामीह न जानामीत्यात्मानं मन्यसे कथम्।।24।।"
SRIRAM GITA,"प्रत्यक्परोक्षादि विरोधमात्मनो,   र्विहाय सङ्गृह्य तयोश्चिदात्मताम्।,संशोधितां लक्षणया च लक्षितां,   ज्ञात्वा स्वमात्मानमथाद्वयो भवेत्।।26।।  "
ASHTAVAKRA GITA,"सशरीरमहो विश्वं परित्यज्य मयाधुना।,कुतश्चित् कौशलादेव परमात्मा विलोक्यते।।2.3।।  "
SRUTI GITA,"भुवि पुरुपुण्यतीर्थसदनान्यृषयो विमदा,   स्त उत भवत्पदाम्बुजहृदोऽघभिदङ्घ्रिजलाः।,दधति सकृन्मनस्त्वयि य आत्मनि नित्यसुखे,   न पुनरुपासते पुरुषसारहरावसथान्।।23।।"
KAPILA GITA,"विसृज्य सर्वानन्यांश्च मामेवं विश्वतोमुखम्।,भजन्त्यनन्यया भक्त्या तान् मृत्योरतिपारये।।1.24।।  "
UDDHAVA GITA,"यदुवंशेऽवतीर्णस्य भवतः पुरुषोत्तम।,शरच्छतं व्यतीयाय पञ्चविंशाधिकं प्रभो।।25।।"
AVADHUTA GITA,"तत्त्वमस्यादिवाक्येन स्वात्मा हि प्रतिपादितः।,नेति नेति श्रुतिर्ब्रूयादनृतं पाञ्चभौतिकम्।।25।।"
SRIRAM GITA,"एकात्मकत्वाज्जहती न सम्भवे,   त्तथाजहल्लक्षणता विरोधतः।,सोऽयम्पदार्थाविव भागलक्षणा,   युज्येत तत्त्वम्पदयोरदोषतः।।27।।  "
ASHTAVAKRA GITA,"यथा न तोयतो भिन्नास्तरङ्गाः फेनबुद्बुदाः।,आत्मनो न तथा भिन्न विश्वमात्मविनिर्गतम्।।2.4।।  "
KAPILA GITA,"एतावानेव लोकेऽस्मिन् पुंसां निःश्रेयसोदयः।,तीव्रेण भक्तियोगेन मनो मय्यर्पितं स्थिरम्।।1.25।।,              "
SRUTI GITA,"सत इदमुत्थितं सदिति चेन्ननु तर्कहतं,   व्यभिचरति क्वच क्वच मृषा न तथोभययुक्।,व्यवहृतये विकल्प इषितोऽन्धपरम्परया,   भ्रमयति भारती त उरुवृत्तिभिरुक्थजडान्।।24।।"
AVADHUTA GITA,"आत्मन्येवात्मना सर्वं त्वया पूर्णं निरन्तरम्।,ध्याता ध्यानं न ते चित्तं निर्लज्जं ध्यायते कथम्।।26।।"
SRIRAM GITA,"रसादिपञ्चीकृतभूतसम्भवं,   भोगालयं दुःखसुखादिकर्मणाम्।,शरीरमाद्यन्तवदादिकर्मजं,   मायामयं स्थूलमुपाधिमात्मनः।।28।।  "
ASHTAVAKRA GITA,"तन्तुमात्रो भवेदेव पटो यद्वद्विचारितः।,आत्मतन्मात्रमेवेदं तद्वद्विश्वं विचारितम्।।2.5।।  "
UDDHAVA GITA,"नाधुना तेऽखिलाधार देवकार्यविशेषितम्।,कुलं च विप्रशापेन नष्टप्रायमभूदिदम्।।26।।"
SRUTI GITA,"न यदिदमग्र आस न भविष्यदतो निधना,   दनुमितमन्तरा त्वयि विभाति मृषैकरसे।,अत उपमीयते द्रविणजातिविकल्पपथै,   र्वितथमनोविलासमृतमित्यवयन्त्यबुधाः।।25।।"
AVADHUTA GITA,"शिवं न जानामि कथं वदामि,	शिवं न जानामि कथं भजामि।,अहं शिवश्चेत्परमार्थतत्त्वं ,	समस्वरूपं गगनोपमं च।।27।।"
SRIRAM GITA,"सूक्ष्मं मनोबुद्धिदशेद्रियैर्युतं,   प्राणैरपञ्चीकृतभूतसम्भवम्।,भोक्तुः सुखादेरनुसाधनं भवे,   च्छरीरमन्यद्विदुरात्मनो बुधाः।।29।।  "
ASHTAVAKRA GITA,"यथैवेक्षुरसे क्लृप्ता तेन व्याप्तैव शर्करा।,तथा विश्वं मयि क्लृप्तं मया व्याप्तं निरन्तरम्।।2.6।।  "
SRUTI GITA,"स यदजया त्वजामनुशयीत गुणांश्च जुषन्,   भजति सरूपतां तदनु मृत्युमपेतभगः।,त्वमुत जहासि तामहिरिव त्वचमात्तभगो,   महसि महीयसेऽष्टगुणितेऽपरिमेयभगः।।26।।"
UDDHAVA GITA,"ततः स्वधाम परमं विशस्व यदि मन्यसे।,सलोका्लोकपालान्नः पाहि वैकुण्ठकिंकरान्।।27।।"
AVADHUTA GITA,"नाहं तत्त्वं समं तत्त्वं कल्पनाहेतुवर्जितम्।,ग्राह्यग्राहकनिर्मुक्तं स्वसंवेद्यं कथं भवेत्।।28।।"
SRIRAM GITA,"अनाद्यनिर्वाच्यमपीह कारणं,   मायाप्रधानं तु परं शरीरकम्।,उपाधिभेदात्तु यतः पृथक् स्थितं,   स्वात्मानमात्मन्यवधारयेत्क्रमात्।।30।।  "
ASHTAVAKRA GITA,"आत्माज्ञानाज्जगद्भाति आत्मज्ञानान्न भासते।,रज्ज्वज्ञानादहिर्भाति तज्ज्ञानाद्भासते न हि।।2.7।।  "
SRUTI GITA,"यदि न समुद्धरन्ति यतयो हृदि कामजटा,   दुरधिगमोऽसतां हृदिगतोऽस्मृतकण्ठमणिः।,असुतृपयोगिनामुभयतोप्यसुखं भगव,   न्ननपगतान्तकादनधिरूढपदाद्भवतः।।27।।"
UDDHAVA GITA,"श्रीभगवानुवाच।,अवधारितमेतन्मे यदात्थ विबुधेश्वर।,कृतं वः कार्यमखिलं भूमेर्भारोऽवतारितः।।28।।"
AVADHUTA GITA,"अनन्तरूपं न हि वस्तु किञ्चि,	त्तत्त्वस्वरूपं न हि वस्तु किञ्चित्। ,आत्मैकरूपं परमार्थतत्त्वं,	न हिंसको वापि न चाप्यहिंसा।।29।।"
SRIRAM GITA,"कोशेष्वयं तेषु तु तत्तदाकृति,   र्विभाति सङ्गात्स्फटिकोपला यथा।,असंगरूपोऽयमजो यतोऽद्वयो,   विज्ञायतेऽस्मिन्परितो विचारिते।।31।।  "
ASHTAVAKRA GITA,"प्रकाशो मे निजं रूपं नातिरिक्तोऽस्म्यहं ततः।,यदा प्रकाशते विश्वं तदाहम्भास एव हि।।2.8।।  "
SRUTI GITA,"त्वदवगमी न वेत्ति भवदुत्थशुभाशुभयो,   र्गुणविगुणान्वयांस्तर्हि देहभृतां च गिरः।,अनुयुगमन्वहं सगुण गीतपरम्परया,   श्रवणभृतो यतस्त्वमपवर्गगतिर्मनुजैः।।28।।"
UDDHAVA GITA,"तदिदं यादवकुलं वीर्यशौर्यश्रियोद्धतम्।,लोकं जिघृक्षद्रद्धं मे वेलयेव महार्णवः।।29।।"
AVADHUTA GITA,"विशुद्धोऽसि समं तत्त्वं विदेहमजमव्ययम्।,विभ्रमं कथमात्मार्थे विभ्रान्तोऽहं कथं पुनः।।30।।"
SRIRAM GITA,"बुद्धेस्त्रिधा वृत्तिरपीह दृश्यते,   स्वप्नादिभेदेन गुणत्रयात्मनः।,अन्योन्यतोऽस्मिन्व्यभिचारतो मृषा,   नित्ये परे ब्रह्मणि केवले शिवे।।32।।  "
ASHTAVAKRA GITA,"अहो विकल्पितं विश्वमज्ञानान्मयि भासते।,रूप्यं शुक्तौ फणी रज्जौ वारि सूर्यकरे यथा।।2.9।।  "
SRUTI GITA,"द्युपतय एव ते न ययुरन्तमनन्ततया,   त्वमपि यदन्तराण्डनिचया ननु सावरणाः।।,ख इव रजांसि वान्ति वयसा सह यच्छ्रुतय,   स्त्वयि हि फलन्त्यतन्निरसनेन भवन्निधनाः।।29।।"
UDDHAVA GITA,"यद्यसंहृत्य दृप्तानां यदूनां विपुलं कुलम्।,गन्तास्म्यनेन लोकोऽयमुद्वेलेन विनङ्क्ष्यति।।30।।"
AVADHUTA GITA,"घटे भिन्ने घटाकाशं सुलीनं भेदवर्जितम्।,शिवेन मनसा शुद्धो न भेदः प्रतिभाति मे।।31।।"
SRIRAM GITA,"देहेन्द्रियप्राणमनश्चिदात्मनां,   सङ्घादजस्त्रं परिवर्तते धियः।,वृत्तिस्तमोमूलतयाज्ञलक्षणा,   यावद्भवेत्तावदसौ भवोद्भवः।।33।।  "
SRUTI GITA,"योऽस्योत्प्रेक्षक आदिमध्यनिधने योऽव्यक्तजीवेश्वरो,   यः सृष्ट्वेदमनुप्रविश्य ऋषिणा चक्रे पुरः शास्ति ताः।,यं सम्पद्य जहात्यजामनुशयी सुप्तः कुलायं यथा,   तं कैवल्यनिरस्तयोनिमभयं ध्यायेदजस्रं हरिम्।।30।।"
ASHTAVAKRA GITA,"मत्तो विनिर्गतं विश्वं मय्येव लयमेष्यति।,मृदि कुम्भो जले वीचिः कनके कटकं यथा।।2.10।।  "
UDDHAVA GITA,"इदानीं नाश आरब्धः कुलस्य द्विजशापतः।,यास्यामि भवनं ब्रह्मन्नेतदन्ते तवानघ।।31।।"
AVADHUTA GITA,"न घटो न घटाकाशो न जीवो जीवविग्रहः।,केवलं ब्रह्म संविद्धि वेद्यवेदकवर्जितम्।।32।।"
SRIRAM GITA,"नेतिप्रमाणेन निराकृताखिलो,   हृदा समास्वादितचिद्घनामृतः।,त्यजेदशेषं जगदात्तसद्रसं,   पीत्वा यथाम्भः प्रजहाति तत्फलम्।।34।।  "
SRUTI GITA,"यं ब्रह्मा वरुणेन्द्ररुद्रमरुतः स्तुन्वन्ति दिव्यैः स्तवै,   र्वेदैः साङ्गपदक्रमोपनिषदैर्गायन्ति यं सामगाः।,ध्यानावस्थिततद्गतेन मनसा पश्यन्ति यं योगिनो,   यस्यान्तं न विदुः सुरासुरगणा देवाय तस्मै नमः।।31।।"
ASHTAVAKRA GITA,"अहो अहं नमो मह्यं विनाशो यस्य नासित मे।,ब्रह्मादिस्तम्बपर्यन्तं जगन्नाशेऽपि तिष्ठतः।।2.11।।  "
UDDHAVA GITA,"श्रीशुक उवाच।,इत्युक्तो लोकनाथेन स्वयंभूः प्रणिपत्य तम्।,सह देवगणैर्देवः स्वधाम समपद्यत।।32।।"
AVADHUTA GITA,"सर्वत्र सर्वदा सर्वमात्मानं सततं ध्रूवम्।,सर्वं शून्यमशून्यं च तन्मां विद्धि न संशयः।।33।।"
SRIRAM GITA,"कदाचिदात्मा न मृतो न जायते,   न क्षीयते नापि विवर्धतेऽनवः।,निरस्तसर्वातिशयः सुखात्मकः,   स्वयम्प्रभः सर्वगतोऽयमद्वयः।।35।।  "
SRUTI GITA,"इत्यशेषसमाम्नायपुराणोपनिषद्रसः।,   समुद्धृतः पूर्वजातैर्व्योमयानैर्महात्मभिः।।32।।"
ASHTAVAKRA GITA,"अहो अहं नमो मह्यमेकोऽहं देहवानपि।,क्वचिन्न गन्ता नागन्ता व्याप्य विश्वमवस्थितः।।2.12।।  "
UDDHAVA GITA,"अथ तस्यां महोत्पातान्द्वारवत्यां समुत्थितान्।,विलोक्य भगवानाह यदुवृद्धान्समागतान्।।33।।"
AVADHUTA GITA,"वेदा न लोका न सुरा न यज्ञा वर्णाश्रमो नैव,			कुलं न जातिः।,न धूममार्गो न च दीप्तिमार्गो ब्रह्मैकरूपं,			परमार्थतत्त्वम्।।34।।"
SRIRAM GITA,"एवंविधे ज्ञानमये सुखात्मके,   कथं भवो दुःखमयः प्रतीयते।,अज्ञानतोऽध्यासवशात्प्रकाशते,   ज्ञाने विलीयेत विरोधतः क्षणात्।।36।।  "
SRUTI GITA,"त्वं चैतद्ब्रह्मदायाद श्रद्धयाऽत्मानुशासनम्।,   धारयंश्चर गां कामं कामानां भर्जनं नृणाम्।।33।।,                "
ASHTAVAKRA GITA,"अहो अहं नमो मह्यं दक्षो नास्तीह मत्समः।,असंस्पृश्य शरीरेण येन विश्वं चिरं धृतम्।।2.13।।  "
UDDHAVA GITA,"श्रीभगवानुवाच।,एते वै सुमहोत्पाता व्युत्तिष्ठन्तीह सर्वतः।,शापश्च नः कुलस्यासीद्ब्राह्मणेभ्यो दुरत्ययः।।34।।"
AVADHUTA GITA,"व्याप्यव्यापकनिर्मुक्तः त्वमेकः सफलं यदि।,प्रत्यक्षं चापरोक्षं च ह्यात्मानं मन्यसे कथम्।।35।।"
SRIRAM GITA,"यदन्यदन्यत्र विभाव्यते भ्रमा,   दध्यासमित्याहुरमुं विपश्चितः।,असर्पभूतेऽहिविभावनं यथा,   रज्ज्वादिके तद्वदपीश्वरे जगत्।।37।।  "
ASHTAVAKRA GITA,"अहो अहं नमो मह्यं यस्य मे नास्ति किञ्चन।,अथवा यस्य मे सर्वं यद्वाङ्मनसगोचरम्।।2.14।।  "
UDDHAVA GITA,"न वस्तव्यमिहास्माभिर्जिजीविषुभिरार्यकाः।,प्रभासं सुमहत्पुण्यं यास्यामोऽद्यैव मा चिरम्।।35।।"
AVADHUTA GITA,"अद्वैतं केचिदिच्छन्ति द्वैतमिच्छन्ति चापरे।,समं तत्त्वं न विन्दन्ति द्वैताद्वैतविवर्जितम्।।36।।"
SRIRAM GITA,"विकल्पमायारहिते चिदात्मके,   ऽहङ्कार एष प्रथमः प्रकल्पितः।,अध्यास एवात्मनि सर्वकारणे,   निरामये ब्रह्मणि केवले परे।।38।।  "
ASHTAVAKRA GITA,"ज्ञानं ज्ञेयं तथा ज्ञाता त्रितयं नास्ति वास्तवम्।,अज्ञानाद्भाति यत्रेदं सोऽहमस्मि निरञ्जनः।।2.15।।  "
UDDHAVA GITA,"यत्र स्नात्वा दक्षशापाद्गृहीतो यक्ष्मणोडुराट्।,विमुक्तः किल्बिषात्सद्यो भेजे भूयः कलोदयम्।।36।।"
AVADHUTA GITA,"श्वेतादिवर्णरहितं शब्दादिगुणवर्जितम्।,कथयन्ति कथं तत्त्वं मनोवाचामगोचरम्।।37।।"
SRIRAM GITA,"इच्छादिरागादि सुखादिधर्मिकाः,   सदा धियः संसृतिहेतवः परे।,यस्मात्प्रसुप्तौ तदभावतः परः,   सुखस्वरूपेण विभाव्यते हि नः।।39।।  "
ASHTAVAKRA GITA,"द्वैतमूलमहो दुःखं नान्यत्तस्यास्ति भेषजम्।,दृश्यमेतन्मृषा सर्वं एकोऽहं चिद्रसोऽमलः।।2.16।।  "
UDDHAVA GITA,"वयं च तस्मिन्नाप्लुत्य तर्पयित्वा पितृ़न्सुरान्।,भोजयित्वोशिजो विप्रान्नानागुणवताऽन्धसा।।37।।"
AVADHUTA GITA,"यदाऽनृतमिदं सर्वं देहादिगगनोपमम्।,तदा हि ब्रह्म संवेत्ति न ते द्वैतपरम्परा।।38।।"
SRIRAM GITA,"अनाद्यविद्योद्भवबुद्धिबिम्बितो,   जीवः प्रकाशोऽयमितीर्यते चितः।,आत्माधियः साक्षितया पृथक् स्थितो,   बुद्ध्यापरिच्छिन्नपरः स एव हि।।40।।  "
ASHTAVAKRA GITA,"बोधमात्रोऽहमज्ञानादुपाधिः कल्पितो मया।,एवं विमृशतो नित्यं निर्विकल्पे स्थितिर्मम।।2.17।।  "
UDDHAVA GITA,"तेषु दानानि पात्रेषु श्रद्धयोप्त्वा महान्ति वै।,वृजिनानि तरिष्यामो दानैर्नौभिरिवार्णवम्।।38।।"
AVADHUTA GITA,"परेण सहजात्मापि ह्यभिन्नः प्रतिभाति मे।,व्योमाकारं तथैवैकं ध्याता ध्यानं कथं भवेत्।।39।।"
SRIRAM GITA,"चिद्बिम्बसाक्ष्यात्मधियां प्रसङ्गत,   स्त्वेकत्र वासादनलाक्तलोहवत्।,अन्योन्यमध्यासवशात्प्रतीयते,   जडाजडत्वं च चिदात्मचेतसोः।।41।।  "
ASHTAVAKRA GITA,"न मे बन्धोऽस्ति मोक्षो वा भ्रान्तिः शान्ता निराश्रया।,अहो मयि स्थितं विश्वं वस्तुतो न मयि स्थितम्।।2.18।।  "
UDDHAVA GITA,"श्रीशुक उवाच।,एवं भगवतादिष्टा यादवाः कुलनन्दन।,गन्तुं कृतधियस्तीर्थं स्यन्दनान्समयूयुजन्।।39।।"
AVADHUTA GITA,"यत्करोमि यदश्नामि यज्जुहोमि ददामि यत्।,एतत्सर्वं न मे किञ्चिद्विशुद्धोऽहमजोऽव्ययः।।40।।"
SRIRAM GITA,"गुरोः सकाशादपि वेदवाक्यतः,   सञ्जातविद्यानुभवो निरीक्ष्य तम्।,स्वात्मानमात्मस्थमुपाधिवर्जितं,   त्यजेदशेषं जडमात्मगोचरम्।।42।।  "
ASHTAVAKRA GITA,"सशरीरमिदं विश्वं न किञ्चिदिति निश्चितम्।,शुद्धचिन्मात्र आत्मा च तत्कस्मिन् कल्पनाधुना।।2.19।।  "
UDDHAVA GITA,"तन्निरीक्ष्योद्धवो राजन् श्रुत्वा भगवतोदितम्।,दृष्ट्वाऽरिष्टानि घोराणि नित्यं कृष्णमनुव्रतः।।40।।"
AVADHUTA GITA,"सर्वं जगद्विद्धि निराकृतीदं सर्वं जगद्विद्धि,			विकारहीनम्।,सर्वं जगद्विद्धि विशुद्धदेहं सर्वं जगद्विद्धि,			शिवैकरूपम्।।41।।"
SRIRAM GITA,"प्रकाशरूपोऽहमजोऽहमद्वयो,   ऽसकृद्विभातोऽहमतीव निर्मलः।,विशुद्धविज्ञानघनो निरामयः,   सम्पूर्ण आनन्दमयोऽहमक्रियः।।43।।  "
ASHTAVAKRA GITA,"शरीरं स्वर्गनरकौ बन्धमोक्षौ भयं तथा।,कल्पनामात्रमेवैतत् किं मे कार्यं चिदात्मनः।।2.20।।  "
UDDHAVA GITA,"विविक्त उपसंगम्य जगतामीश्वरेश्वरम्।,प्रणम्य शिरसा पादौ प्राञ्जलिस्तमभाषत।।41।।"
AVADHUTA GITA,"तत्त्वं त्वं न हि संदेहः किं जानाम्यथवा पुनः।,असंवेद्यं स्वसंवेद्यमात्मानं मन्यसे कथम्।।42।।"
ASHTAVAKRA GITA,"अहो जनसमूहेऽपि न द्वैतं पश्यतो मम।,अरण्यमिव संवृत्तं क्व रतिं करवाण्यहम्।।2.21।।  "
UDDHAVA GITA,"उद्धव उवाच।,देवदेवेश योगेश पुण्यश्रवणकीर्तन।,संहृत्यैतत्कुलं नूनं लोकं संत्यक्ष्यते भवान्।,विप्रशापं समर्थोऽपि प्रत्यहन्न यदीश्वरः।।42।।"
AVADHUTA GITA,"मायाऽमाया कथं तात छायाऽछाया न विद्यते।,तत्त्वमेकमिदं सर्वं व्योमाकारं निरञ्जनम्।।43।।"
ASHTAVAKRA GITA,"नाहं देहो न मे देहो जीवो नाहमहं हि चित्।,अयमेव हि मे बन्ध आसीद् या जीविते स्पृहा।।2.22।।  "
UDDHAVA GITA,"नाहं तवाङ्घ्रिकमलं क्षणार्धमपि केशव।,त्यक्तुं समुत्सहे नाथ स्वधाम नय मामपि।।43।।"
AVADHUTA GITA,"आदिमध्यान्तमुक्तोऽहं न बद्धोऽहं कदाचन।,स्वभावनिर्मलः शुद्ध इति मे निश्चिता मतिः।।44।।"
SRIRAM GITA,"सदैव मुक्तोऽहमचिन्त्यशक्तिमा,   नतीन्द्रियज्ञानमविक्रियात्मकः।,अनन्तपारोऽहमहर्निशं बुधै,   र्विभावितोऽहं हृदि वेदवादिभिः।।44।।  "
ASHTAVAKRA GITA,"अहो भुवनकल्लोलैर्विचित्रैर्द्राक् समुत्थितम्।,मय्यनन्तमहाम्भोधौ चित्तवाते समुद्यते।।2.23।।  "
UDDHAVA GITA,"तव विक्रीडितं कृष्ण नृणां परममङ्गलम्।,कर्णपीयूषमास्वाद्य त्यजत्यन्यस्पृहां जनः।।44।।"
AVADHUTA GITA,"महदादि जगत्सर्वं न किञ्चित्प्रतिभाति मे।,ब्रह्मैव केवलं सर्वं कथं वर्णाश्रमस्थितिः।।45।।"
SRIRAM GITA,"एवं सदात्मानमखण्डितात्मना,   विचारमाणस्य विशुद्धभावना।,हन्यादविद्यामचिरेण कारकै,   रसायनं यद्वदुपासितं रुजः।।45।।  "
ASHTAVAKRA GITA,"मय्यनन्तमहाम्भोधौ चित्तवाते प्रशाम्यति।,अभाग्याज्जीववणिजो जगत्पोतो विनश्वरः।।2.24।।  "
UDDHAVA GITA,"शय्यासनाटनस्थानस्नानक्रीडाशनादिषु।,कथं त्वां प्रियमात्मानं वयं भक्तास्त्यजेमहि।।45।।"
AVADHUTA GITA,"जानामि सर्वथा सर्वमहमेको निरन्तरम्।,निरालम्बमशून्यं च शून्यं व्योमादिपञ्चकम्।।46।।"
SRIRAM GITA,"विविक्त आसीन उपारतेन्द्रियो,   विनिर्जितात्मा विमलान्तराशयः।,विभावयेदेकमनन्यसाधनो,   विज्ञानदृक्केवल आत्मसंस्थितः।।46।।  "
ASHTAVAKRA GITA,"मय्यनन्तमहाम्भोधावाश्चर्यं जीववीचयः।,उद्यन्ति घ्नन्ति खेलन्ति प्रविशन्ति स्वभावतः।।2.25।।  ,         ,              "
UDDHAVA GITA,"त्वयोपभुक्तस्रग्गन्धवासोऽलंकारचर्चिताः।,उच्छिष्टभोजिनो दासास्तव मायां जयेमहि।।46।।"
AVADHUTA GITA,"न षण्ढो न पुमान्न स्त्री न बोधो नैव कल्पना।,सानन्दो वा निरानन्दमात्मानं मन्यसे कथम्।।47।।"
SRIRAM GITA,"विश्वं यदेतत्परमात्मदर्शनं,   विलापयेदात्मनि सर्वकारणे।,पूर्णश्चिदानन्दमयोऽवतिष्ठते,   न वेद बाह्यं न च किञ्चिदान्तरम्।।47।।  "
ASHTAVAKRA GITA," ,                  अष्टावक्र उवाच।,अविनाशिनमात्मानमेकं विज्ञाय तत्त्वतः।,तवात्मज्ञस्य धोरस्य कथमर्थार्जने रतिः।।3.1।।  "
UDDHAVA GITA,"वाताशना य ऋषयः श्रमणा ऊर्ध्वमन्थिनः।,ब्रह्माख्यं धाम ते यान्ति शान्ताः संन्यासिनोऽमलाः।।47।।"
AVADHUTA GITA,"षडङ्गयोगान्न तु नैव शुद्धं मनोविनाशान्न,			तु नैव शुद्धम्।,गुरूपदेशान्न तु नैव शुद्धं स्वयं च तत्त्वं,			स्वयमेव शुद्धम्।।48।।"
SRIRAM GITA,"पूर्वं समाधेरखिलं विचिन्तये,   दोङ्कारमात्रं सचारचरं जगत्।,तदेव वाच्यं प्रणवो हि वाचको,   विभाव्यतेऽज्ञानवशान्न बोधतः।।48।।  "
ASHTAVAKRA GITA,"आत्माज्ञानादहो प्रीतिर्विषयभ्रमगोचरे।,शुक्तेरज्ञानतो लोभो यथा रजतविभ्रमे।।3.2।।  "
UDDHAVA GITA,"वयं त्विह महायोगिन्भ्रमन्तः कर्मवर्त्मसु।,त्वद्वार्तया तरिष्यामस्तावकैर्दुस्तरं तमः।।48।।"
AVADHUTA GITA,"न हि पञ्चात्मको देहो विदेहो वर्तते न हि।,आत्मैव केवलं सर्वं तुरीयं च त्रयं कथम्।।49।।"
SRIRAM GITA,"अकारसंज्ञः पुरुषो हि विश्वको,   ह्युकारकस्तैजस ईर्यते क्रमात्।,प्राज्ञो मकारः परिपठ्यतेऽखिलैः,   समाधिपूर्वं न तु तत्त्वतो भवेत्।।49।।  "
ASHTAVAKRA GITA,"विश्वं स्फुरति यत्रेदं तरङ्गा इव सागरे।,सोऽहमस्मीति विज्ञाय किं दीन इव धावसि।।3.3।।  "
UDDHAVA GITA,"स्मरन्तः कीर्तयन्तस्ते कृतानि गदितानि च।,गत्युत्स्मितेक्षणक्ष्वेलि यन्नृलोकविडम्बनम्।।49।।"
AVADHUTA GITA,"न बद्धो नैवमुक्तोऽहं न चाहं ब्रह्मणः पृथक्।,न कर्ता न च भोक्ताहं व्याप्यव्यापकवर्जितः।।50।।"
SRIRAM GITA,"विश्वं त्वकारं पुरुषं विलापये,   दुकारमध्ये बहुधा व्यवस्थितम्।,ततो मकारे प्रविलाप्य तैजसं,   द्वितीयवर्णं प्रणवस्य चान्तिमे।।50।।  "
ASHTAVAKRA GITA,"श्रुत्वापि शुद्धचैतन्यमात्मानमतिसुन्दरम्।,उपस्थेऽत्यन्तसंसक्तो मालिन्यमधिगच्छति।।3.4।।  "
UDDHAVA GITA,"श्रीशुक उवाच।,एवं विज्ञापितो राजन्भगवान्देवकीसुतः।,एकान्तिनं प्रियं भृत्यमुद्धवं समभाषत।।50।।,                "
SRIRAM GITA,"मकारमप्यात्मनि चिद्घने परे,   विलापयेत्प्राज्ञमपीह कारणम्।,सोऽहं परं ब्रह्म सदा विमुक्तिम,   द्विज्ञानदृङ् मुक्त उपाधितोऽमलः।।51।।  "
AVADHUTA GITA,"यथा जलं जले न्यस्तं सलिलं भेदवर्जितम्।,प्रकृतिं पुरुषं तद्वदभिन्नं प्रतिभाति मे।।51।।"
ASHTAVAKRA GITA,"सर्वभूतेषु चात्मानं सर्वभूतानि चात्मनि।,मुनेर्जानत आश्चर्यं ममत्वमनुवर्तते।।3.5।।  "
SRIRAM GITA,"एवं सदा जातपरात्मभावनः,   स्वानन्दतुष्टः परिविस्मृताखिलः।,आस्ते स नित्यात्मसुखप्रकाशकः,   साक्षाद्विमुक्तोऽचलवारिसिन्धुवत्।।52।।  "
AVADHUTA GITA,"यदि नाम न मुक्तोऽसि न बद्धोऽसि कदाचन।,साकारं च निराकारमात्मानं मन्यसे कथम्।।52।।"
ASHTAVAKRA GITA,"आस्थितः परमाद्वैतं मोक्षार्थेऽपि व्यवस्थितः।,आश्चर्यं कामवशगो विकलः केलिशिक्षया।।3.6।।  "
SRIRAM GITA,"एवं सदाभ्यस्तसमाधियोगिनो,   निवृत्तसर्वेन्द्रियगोचरस्य हि।,विनिर्जिताशेषरिपोरहं सदा,   दृश्यो भवेयं जितषड्गुणात्मनः।।53।।  "
AVADHUTA GITA,"जानामि ते परं रूपं प्रत्यक्षं गगनोपमम्।,यथाऽपरं हि रूपं यन्मरीचिजलसन्निभम्।।53।।"
ASHTAVAKRA GITA,"उद्भूतं ज्ञानदुर्मित्रमवधार्यातिदुर्बलः।,आश्चर्यं काममाकाङ्क्षेत कालमन्तमनुश्रितः।।3.7।।  "
SRIRAM GITA,"ध्यात्वैवमात्मानमहर्निशं मुनि,   स्तिष्ठेत्सदा मुक्तसमस्तबन्धनः।,प्रारब्धमश्नन्नभिमानवर्जितो,   मय्येव साक्षात्प्रविलीयते ततः।।54।।  "
AVADHUTA GITA,"न गुरुर्नोपदेशश्च न चोपाधिर्न मे क्रिया।,विदेहं गगनं विद्धि विशुद्धोऽहं स्वभावतः।।54।।"
ASHTAVAKRA GITA,"इहामुत्र विरक्तस्य नित्यानित्यविवेकिनः।,आश्चर्यं मोक्षकामस्य मोक्षादेव विभीषिका।।3.8।।  "
SRIRAM GITA,"आदौ च मध्ये च तथैव चान्ततो,   भवं विदित्वा भयशोककारणम्।,हित्वा समस्तं विधिवादचोदितं,   भजेत्स्वमात्मानमथाखिलात्मनाम्।।55।।  "
AVADHUTA GITA,"विशुद्धोऽस्यशरीरोऽसि न ते चित्तं परात्परम्।,अहं चात्मा परं तत्त्वमिति वक्तुं न लज्जसे।।55।।"
ASHTAVAKRA GITA,"धीरस्तु भोज्यमानोऽपि पीड्यमानोऽपि सर्वदा।,आत्मानं केवलं पश्यन् न तुष्यति न कुप्यति।।3.9।।  "
AVADHUTA GITA,"कथं रोदिषि रे चित्त ह्यात्मैवात्मात्मना भव।,पिब वत्स कलातीतमद्वैतं परमामृतम्।।56।।"
ASHTAVAKRA GITA,"चेष्टमानं शरीरं स्वं पश्यत्यन्यशरीरवत्।,संस्तवे चापि निन्दायां कथं क्षुभ्येत् महाशयः।।3.10।।  "
SRIRAM GITA,"आत्मन्यभेदेन विभावयन्िनदं,   भवत्यभेदेन मयात्मना तदा।,यथा जलं वारिनिधौ यथा पयः,   क्षीरे वियद्व्योम्न्यनिले यथानिलः।।56।।  "
AVADHUTA GITA,"नैव बोधो न चाबोधो न बोधाबोध एव च।,यस्येदृशः सदा बोधः स बोधो नान्यथा ,			भवेत्।।57।।"
ASHTAVAKRA GITA,"मायामात्रमिदं विश्वं पश्यन् विगतकौतुकः।,अपि सन्निहिते मृत्यौ कथं त्रस्यति धीरधीः।।3.11।।  "
SRIRAM GITA,"इत्थं यदीक्षेत हि लोकसंस्थितो,   जगन्मृषैवेति विभावयन्मुनिः।,निराकृतत्वाच्छ्रुतियुक्तिमानतो,   यथेन्दुभेदो दिशि दिग्भ्रमादयः।।57।।  "
AVADHUTA GITA,"ज्ञानं न तर्को न समाधियोगो न देशकालौ,			न गुरूपदेशः। ,स्वभावसंवित्तिरहं च तत्त्वमाकाशकल्पं सहजं ,			ध्रुवं च।।58।।"
ASHTAVAKRA GITA,"निःस्पृहं मानसं यस्य नैराश्येऽपि महात्मनः।,तस्यात्मज्ञानतृप्तस्य तुलना केन जायते।।3.12।।  "
SRIRAM GITA,"यावन्न पश्येदखिलं मदात्मकं,   तावन्मदाराधनतत्परो भवेत्।,श्रद्धालुरत्यूर्जितभक्तिलक्षणो,   यस्तस्य दृश्योऽहमहर्निशं हृदि।।58।।  "
AVADHUTA GITA,"न जातोऽहं मृतो वापि न मे कर्म शुभाशुभम्।,विशुद्धं निर्गुणं ब्रह्म बन्धो मुक्तिः कथं मम।।59।।"
ASHTAVAKRA GITA,"स्वभावादेव जानानो दृश्यमेतन्न किञ्चन।,इदं ग्राह्यमिदं त्याज्यं स किं पश्यति धीरधीः।।3.13।।  "
SRIRAM GITA,"रहस्यमेतच्छ्रुतिसारसङ्ग्रहं,   मया विनिश्चित्य तवोदितं प्रिय।,यस्त्वेतदालोचयतीह बुद्धिमान्,   स मुच्यते पातकराशिभिः क्षणात्।।59।।  "
AVADHUTA GITA,"यदि सर्वगतो देवः स्थिरः पूर्णो निरन्तरः।,अन्तरं हि न पश्यामि स वाह्मयाभ्यन्तरः कथम्।।60।।"
ASHTAVAKRA GITA,"अन्तस्त्यक्तकषायस्य निर्द्वन्द्वस्य निराशिषः।,यदृच्छयागतो भोगो न दुःखाय न तुष्टये।।3.14।।  ,      ,              "
SRIRAM GITA,"भ्रातर्यदीदं परिदृश्यते जग,   न्मायैव सर्वं परिहृत्य चेतसा।,मद्भावनाभावितशुद्धमानसः,   सुखी भवानन्दमयो निरामयः।।60।।  "
AVADHUTA GITA,"स्फुरत्येव जगत्कृत्स्नमखण्डितनिरन्तरम्।,अहो मायामहामोहो द्वैताद्वैतविकल्पना।।61।।"
ASHTAVAKRA GITA," ,                  जनक उवाच।,हन्तात्मज्ञस्य धीरस्य खेलतो भोगलीलया।,न हि संसारवाहीकैर्मूढैः सह समानता।।4.1।।  "
SRIRAM GITA,"यः सेवते मामगुणं गुणात्परं,   हृदा कदा वा यदि वा गुणात्मकम्।,सोऽहं स्वपादाञ्चितरेणुभिः स्पृशन्,   पुनाति लोकत्रितयं यथा रविः।।61।।  "
AVADHUTA GITA,"साकारं च निराकारं नेति नेतीति सर्वदा।,भेदाभेदविनिर्मुक्तो वर्तते केवलः शिवः।।62।।"
ASHTAVAKRA GITA,"यत्पदं प्रेप्सवो दीनाः शक्राद्याः सर्वदेवताः।,अहो तत्र स्थितो योगी न हर्षमुपगच्छति।।4.2।।  "
AVADHUTA GITA,"न ते च माता च पिता च बन्धुः,	न ते च पत्नी न सुतश्च मित्रम्।,न पक्षपातो न विपक्षपातः,	कथं हि संतप्तिरियं हि चित्ते।।63।।"
SRIRAM GITA,"विज्ञानमेतदखिलं श्रुतिसारमेकं,   वेदान्तवेद्यचरणेन मयैव गीतम्।,यः श्रद्धया परिपठेद् गुरुभक्तियुक्तो,   मद्रूपमेति यदि मद्वचनेषु भक्तिः।।62।।  ,।।इति श्रीमदध्यात्मरामायणे उमामहेश्वरसंवादे,उत्तरकाण्डे पञ्चमः सर्गः।।  ,              "
ASHTAVAKRA GITA,"तज्ज्ञस्य पुण्यपापाभ्यां स्पर्शो ह्यन्तर्न जायते।,न ह्याकाशस्य धूमेन दृश्यमानापि सङ्गतिः।।4.3।।  "
AVADHUTA GITA,"दिवा नक्तं न ते चित्तं उदयास्तमयौ न हि।,विदेहस्य शरीरत्वं कल्पयन्ति कथं बुधाः।।64।।"
ASHTAVAKRA GITA,"आत्मैवेदं जगत्सर्वं ज्ञातं येन महात्मना।,यदृच्छया वर्तमानं तं निषेद्धुं क्षमेत कः।।4.4।।  "
AVADHUTA GITA,"नाविभक्तं विभक्तं च न हि दुःखसुखादि च।,न हि सर्वमसर्वं च विद्धि चात्मानमव्ययम्।।65।।"
ASHTAVAKRA GITA,"आब्रह्मस्तम्बपर्यन्ते भूतग्रामे चतुर्विधे।,विज्ञस्यैव हि सामर्थ्यमिच्छानिच्छाविवर्जने।।4.5।।  "
AVADHUTA GITA,"नाहं कर्ता न भोक्ता च न मे कर्म पुराऽधुना।,न मे देहो विदेहो वा निर्ममेति ममेति किम्।।66।।"
ASHTAVAKRA GITA,"आत्मानमद्वयं कश्चिज्जानाति जगदीश्वरम्।,यद्वेत्ति तत् स कुरुते न भयं तस्य कुत्रचित्।।4.6।। ,              "
AVADHUTA GITA,"न मे रागादिको दोषी दुःखं देहादिकं न मे।,आत्मानं विद्धि मामेकं विशालं गगनोपमम्।।67।।"
ASHTAVAKRA GITA," ,                  अष्टावक्र उवाच।,न ते सङ्गोऽस्ति केनापि किं शुद्धस्त्यक्तुमिच्छसि।,सङ्घातविलयं कुर्वन्नेवमेव लयं व्रज।।5.1।।  "
AVADHUTA GITA,"सखे मनः किं बहुजल्पितेन,	सखे मनः सर्वमिदं वितर्क्यम्।,यत्सारभूतं कथितं मया ते,	त्वमेव तत्त्वं गगनोपमोऽसि।।68।।"
ASHTAVAKRA GITA,"उदेति भवतो विश्वं वारिधेरिव बुद्बुदः।,इति ज्ञात्वैकमात्मानमेवमेव लयं व्रज।।5.2।।  "
AVADHUTA GITA,"येन केनापि भावेन यत्र कुत्र मृता अपि।,योगिनस्तत्र लीयन्ते घटाकाशमिवांबरे।।69।।"
ASHTAVAKRA GITA,"प्रत्यक्षमप्यवस्तुत्वाद्विश्वं नास्त्यमले त्वयि।,रज्जुसर्प इव व्यक्तमेवमेव लयं व्रज।।5.3।।  "
AVADHUTA GITA,"तीर्थे चान्त्यजगेहे वा नष्टस्मृतिरपि त्यजन्।,समकाले तनुं मुक्तः कैवल्यव्यापको भवेत्।।70।।"
ASHTAVAKRA GITA,"समदुःखसुखः पूर्ण आशानैराश्ययोः समः।,समजीवितमृत्युः सन्नेवमेव लयं व्रज।।5.4।। ,    ,              "
AVADHUTA GITA,"धर्मार्थकाममोक्षांश्च द्विपदादिचराचरम्।,मन्यन्ते योगिनः सर्वं मरीचिजलसन्निभम्।।71।।"
ASHTAVAKRA GITA," ,                    जनक उवाच।,आकाशवदनन्तोऽहं घटवत् प्राकृतं जगत्।,इति ज्ञानं तथैतस्य न त्यागो न ग्रहो लयः।।6.1।।  "
AVADHUTA GITA,"अतीतानागतं कर्म वर्तमानं तथैव च।,न करोमि न भुञ्जामि इति मे निश्चला मतिः।।72।।"
ASHTAVAKRA GITA,"महोदधिरिवाहं स प्रपञ्चो वीचिसन्निभः।,इति ज्ञानं तथैतस्य न त्यागो न ग्रहो लयः।।6.2।।  "
AVADHUTA GITA,"शून्यागारे समरसपूत,	स्तिष्ठन्नेकः सुखमवधूतः।,चरति हि नग्नस्त्यक्त्वा गर्वं,	विन्दति केवलमात्मनि सर्वम्।।73।।"
ASHTAVAKRA GITA,"अहं स शुक्तिसङ्काशो रूप्यवद्विश्वकल्पना।,इति ज्ञानं तथैतस्य न त्यागो न ग्रहो लयः।।6.3।।  "
AVADHUTA GITA,"त्रितयतुरीयं नहि नहि यत्र,	विन्दति केवलमात्मनि तत्र।,धर्माधर्मौ नहि नहि यत्र,	बद्धो मुक्तः कथमिह तत्र।।74।।"
ASHTAVAKRA GITA,"अहं वा सर्वभूतेषु सर्वभूतान्यथो मयि।,इति ज्ञानं तथैतस्य न त्यागो न ग्रहो लयः।।6.4।।  ,      ,              "
AVADHUTA GITA,"विन्दति विन्दति नहि नहि मन्त्रं,	छन्दोलक्षणं नहि नहि तन्त्रम्।,समरसमग्नो भावितपूतः,	प्रलपितमेतत्परमवधूतः।।75।।"
ASHTAVAKRA GITA," ,                   जनक उवाच।,मय्यनन्तमहाम्भोधौ विश्वपोत इतस्ततः।,भ्रमति स्वान्तवातेन न ममास्त्यसहिष्णुता।।7.1।।  "
AVADHUTA GITA,"सर्वशून्यमशून्यं च सत्यासत्यं न विद्यते।,स्वभावभावतः प्रोक्तं शास्त्रसंवित्तिपूर्वकम्।।76।।                  ,                "
ASHTAVAKRA GITA,"मय्यनन्तमहाम्भोधौ जगद्वीचिः स्वभावतः।,उदेतु वास्तमायातु न मे वृद्धिर्न न क्षतिः।।7.2।।  "
AVADHUTA GITA,"अवधूत उवाच,बालस्य वा विषयभोगरतस्य वापि,	मूर्खस्य सेवकजनस्य गृहस्थितस्य।,एतद्गुरोः किमपि नैव न चिन्तनीयं,	रत्नं कथं त्यजति कोऽप्यशुचौ प्रविष्टम्।।1।।"
ASHTAVAKRA GITA,"मय्यनन्तमहाम्भोधौ विश्वं नाम विकल्पना।,अतिशान्तो निराकार एतदेवाहमास्थितः।।7.3।।  "
AVADHUTA GITA,"नैवात्र काव्यगुण एव तु चिन्तनीयो,	ग्राह्यः परं गुणवता खलु सार एव।,सिन्दूरचित्ररहिता भुवि रूपशून्या,	पारं न किं नयति नौरिह गन्तुकामान्।।2।।"
ASHTAVAKRA GITA,"नात्मा भावेषु नो भावस्तत्रानन्ते निरञ्जने।,इत्यसक्तोऽस्पृहः शान्त एतदेवाहमास्थितः।।7.4।।  "
AVADHUTA GITA,"प्रयत्नेन विना येन निश्चलेन चलाचलम्।,ग्रस्तं स्वभावतः शान्तं चैतन्यं गगनोपमम्।।3।।"
ASHTAVAKRA GITA,"अहो चिन्मात्रमेवाहमिन्द्रजालोपमं जगत्।,अतो मम कथं कुत्र हेयोपादेयकल्पना।।7.5।।  ,              "
AVADHUTA GITA,"अयत्नाच्चालयेद्यस्तु एकमेव चराचरम्।,सर्वगं तत्कथं भिन्नमद्वैतं वर्तते मम।।4।।"
ASHTAVAKRA GITA," ,                  अष्टावक्र उवाच।,तदा बन्धो यदा चित्तं किञ्चिद्वाञ्छति शोचति।,किञ्चिन्मुञ्चति गृह्णाति किञ्चिद्धृष्यति कुप्यति।।8.1।।  "
AVADHUTA GITA,"अहमेव परं यस्मात्सारासारतरं शिवम्।,गमागमविनिर्मुक्तं निर्विकल्पं निराकुलम्।।5।।"
ASHTAVAKRA GITA,"तदा मुक्तिर्यदा चित्तं न वाञ्छति न शोचति।,न मुञ्चति न गृह्णाति न हृष्यति न कुप्यति।।8.2।।  "
AVADHUTA GITA,"सर्वावयवनिर्मुक्तं तथाहं त्रिदशार्चितम्।,सम्पूर्णत्वान्न गृह्णामि विभागं त्रिदशादिकम्।।6।।"
ASHTAVAKRA GITA,"तदा बन्धो यदा चित्तं सक्तं कास्वपि दृष्टिषु।,तदा मोक्षो यदा चित्तमसक्तं सर्वदृष्टिषु।।8.3।।  "
AVADHUTA GITA,"प्रमादेन न सन्देहः किं करिष्यामि वृत्तिमान्।,उत्पद्यन्ते विलीयन्ते बुद्बुदाश्च यथा जले।।7।।"
ASHTAVAKRA GITA,"यदा नाहं तदा मोक्षो यदाहं बन्धनं तदा।,मत्वेति हेलया किञ्चित् मा गृहाण विमु़ञ्च मा।।8.4।। ,              "
AVADHUTA GITA,"महदादीनि भूतानि समाप्यैवं सदैव हि।,मृदुद्रव्येषु तीक्ष्णेषु गुडेषु कटुकेषु च।।8।।"
ASHTAVAKRA GITA," ,                    अष्टावक्र उवाच।,कृताकृते च द्वन्द्वानि कदा शान्तानि कस्य वा।,एवं ज्ञात्वेह निर्वेदाद्भव त्यागपरोऽव्रती।।9.1।।  "
AVADHUTA GITA,"कटुत्वं चैव शैत्यत्वं मृदुत्वं च यथा जले।,प्रकृतिः पुरुषस्तद्वदभिन्नं प्रतिभाति मे।।9।।"
ASHTAVAKRA GITA,"कस्यापि तात धन्यस्य लोकचेष्टावलोकनात्।,जीवितेच्छा बुभुक्षा च बुभुत्सोपशमं गताः।।9.2।।  "
AVADHUTA GITA,"सर्वाख्यारहितं यद्यत्सूक्ष्मात्सूक्ष्मतरं परम्।,मनोबुद्धीन्द्रियातीतमकलङ्कं जगत्पतिम्।।10।।"
ASHTAVAKRA GITA,"अनित्यं सर्वमेवेदं तापत्रितयदूषितम्।,असारं निन्दितं हेयमिति निश्चित्य शाम्यति।।9.3।।  "
AVADHUTA GITA,"ईदृशं सहजं यत्र अहं तत्र कथं भवेत्।,त्वमेव हि कथं तत्र कथं तत्र चराचरम्।।11।।"
ASHTAVAKRA GITA,"कोऽसौ कालो वयः किं वा यत्र द्वन्द्वानि नो नृणाम्।,तान्युपेक्ष्य यथाप्राप्तवर्ती सिद्धिमवाप्नु यात्।।9.4।।  "
AVADHUTA GITA,"गगनोपमं तु यत्प्रोक्तं तदेव गगनोपमम्।,चैतन्यं दोषहीनं च सर्वज्ञं पूर्णमेव च।।12।।"
ASHTAVAKRA GITA,"नाना मतं महर्षीणां साधूनां योगिनां तथा।,दृष्ट्वा निर्वेदमापन्नः को न शाम्यति मानवः।।9.5।।  "
AVADHUTA GITA,"पृथिव्यां चरितं नैव मारुतेन च वाहितम्।,वारिणा पिहितं नैव तेजोमध्ये व्यवस्थितम्।।13।।"
ASHTAVAKRA GITA,"कृत्वा मूर्तिपरिज्ञानं चैतन्यस्य न किं गुरुः।,निर्वेदसमतायुक्तया यस्तारयति संसृतेः।।9.6।।  "
AVADHUTA GITA,"आकाशं तेन संव्याप्तं न तद्व्याप्तं च केनचित्।,स बाह्याभ्यन्तरं तिष्ठत्यवच्छिन्नं निरन्तरम्।।14।।"
AVADHUTA GITA,"सूक्ष्मत्वात्तददृश्यत्वान्निर्गुणत्वाच्च योगिभिः।,आलम्बनादि यत्प्रोक्तं क्रमादालम्बनं भवेत्।।15।।"
ASHTAVAKRA GITA,"पश्य भूतविकारांस्त्वं भूतमात्रान् यथार्थतः।,तत्क्षणाद्बन्धनिर्मुक्तः स्वरूपस्थो भविष्यसि।।9.7।।  "
AVADHUTA GITA,"सतताऽभ्यासयुक्तस्तु निरालम्बो यदा भवेत्।,तल्लयाल्लीयते नान्तर्गुणदोषविवर्जितः।।16।।"
ASHTAVAKRA GITA,"वासना एव संसार इति सर्वा विमुञ्च ताः।,तत्त्यागो वासनात्यागात् स्थितिरद्य यथा तथा।।9.8।।  ,     ,              "
AVADHUTA GITA,"विषविश्वस्य रौद्रस्य मोहमूर्च्छाप्रदस्य च।,एकमेव विनाशाय ह्यमोघं  सहजामृतम्।।17।।"
ASHTAVAKRA GITA," ,                    अष्टावक्र उवाच।,विहाय वैरिणं काममर्थं चानर्थसङ्कुलम्।,धर्ममप्येतयोर्हेतुं सर्वत्रानादरं कुरु।।10.1।।  "
AVADHUTA GITA,"भावगम्यं निराकारं साकारं दृष्टिगोचरम्।,भावाभावविनिर्मुक्तमन्तरालं तदुच्यते।।18।।"
ASHTAVAKRA GITA,"स्वप्नेन्द्रजालवत् पश्य दिनानि त्रीणि पञ्च वा।,मित्रक्षेत्रधनागारदारदायादिसम्पदः।।10.2।।  "
ASHTAVAKRA GITA,"यत्र यत्र भवेत्तृष्णा संसारं विद्धि तत्र वै।,प्रौढवैराग्यमाश्रित्य वीततृष्णः सुखी भव।।10.3।।  "
AVADHUTA GITA,"बाह्यभावं भवेद्विश्वमन्तः प्रकृचिरुच्यते।,अन्तरादन्तरं ज्ञेयं नारिकेलफलाम्बुवत्।।19।।"
ASHTAVAKRA GITA,"तृष्णामात्रात्मको बन्धस्तन्नाशो मोक्ष उच्यते।,भवासंसक्तिमात्रेण प्राप्तितुष्टिर्मुहुर्मुहुः।।10.4।।  "
AVADHUTA GITA,"भ्रान्तिज्ञानं स्थितं बाह्यं सम्यग्ज्ञानं च मध्यगम्।,मध्यान्मध्यतरं ज्ञेयं नारिकेलफलाम्बुवत्।।20।।"
ASHTAVAKRA GITA,"त्वमेकश्चेतनः शुद्धो जडं विश्वमसत्तथा।,अविद्यापि न किञ्चित्सा का बुभुत्सा तथापि ते।।10.5।।  "
AVADHUTA GITA,"पौर्णमास्यां यथा चन्द्र एक एवातिनिर्मलः।,तेन तत्सदृशं पश्येद्द्विधादृष्टिर्विपर्ययः।।21।।"
ASHTAVAKRA GITA,"राज्यं सुताः कलत्राणि शरीराणि सुखानि च।,संसक्तस्यापि नष्टानि तव जन्मनि जन्मनि।।10.6।।  "
AVADHUTA GITA,"अनेनैव प्रकारेण बुद्धिभेदो न सर्वगः।,दाता च धीरतामेति गीयते नामकोटिभिः।।22।।"
ASHTAVAKRA GITA,"अलमर्थेन कामेन सुकृतेनापि कर्मणा।,एभ्यः संसारकान्तारे न विश्रान्तमभून्मनः।।10.7।।  "
AVADHUTA GITA,"गुरुप्रज्ञाप्रसादेन मूर्खो वा यदि पण्डितः।,यस्तु संबुध्यते तत्त्वं विरक्तो भवसागरात्।।23।।"
ASHTAVAKRA GITA,"कृतं न कति जन्मानि कायेन मनसा गिरा।,दुःखमायासदं कर्म तदद्याप्युपरम्यताम्।।10.8।।  ,              "
AVADHUTA GITA,"रागद्वेषविनिर्मुक्तः सर्वभूतहिते रतः।,दृढबोधश्च धीरश्च स गच्छेत्परमं पदम्।।24।।"
ASHTAVAKRA GITA," ,                    अष्टावक्र उवाच।,भावाभावविकारश्च स्वभावादिति निश्चयी।,निर्विकारो गतक्लेशः सुखेनैवोपशाम्यति।।11.1।।  "
AVADHUTA GITA,"घटे भिन्ने घटाकाश आकाशे लीयते यथा।,देहाभावे तथा योगी स्वरूपे परमात्मनि।।25।।"
ASHTAVAKRA GITA,"ईश्वरः सर्वनिर्माता नेहान्य इति निश्चयी।,अन्तर्गालितसर्वाशः शान्तः क्वापि न सज्जते।।11.2।।  "
AVADHUTA GITA,"उक्तेयं कर्मयुक्तानां मतिर्यान्तेऽपि सा गतिः।,न चोक्ता योगयुक्तानां मतिर्यान्तेऽपि सा गतिः।।26।।"
ASHTAVAKRA GITA,"आपदः सम्पदः काले दैवादेवेति निश्चयी।,तृप्तः स्वस्थेन्द्रियो नित्यं न वाञ्छति न शोचति।।11.3।।  "
AVADHUTA GITA,"					,या गतिः कर्मयुक्तानां सा च वागिन्द्रियाद्वदेत्।,योगिनां या गतिः क्वापि ह्यकथ्या भवतोर्जिता।।27।।"
ASHTAVAKRA GITA,"सुखदुःखे जन्ममृत्यू दैवादेवेति निश्चयी।,साध्यादर्शी निरायासः कुर्वन्नपि न लिप्यते।।11.4।।  "
AVADHUTA GITA,"एवं ज्ञात्वा त्वमुं मार्गं योगिनां नैव कल्पितम्।,विकल्पवर्जनं तेषां स्वयं सिद्धिः प्रवर्तते।।28।।"
ASHTAVAKRA GITA,"चिन्तया जायते दुःखं नान्यथेहेति निश्चयी।,तया हीनः सुखी शान्तः सर्वत्र गलितस्पृहः।।11.5।।  "
AVADHUTA GITA,"तीर्थे वान्त्यजगेहे वा यत्र कुत्र मृतोऽपि वा।,न योगी पश्यते गर्भं परे ब्रह्मणि लीयते।।29।।"
AVADHUTA GITA,"सहजमजमचिन्त्यं यस्तु पश्येत्स्वरूपं,	घटति यदि यथेष्टं लिप्यते नैव दोषैः।,सकृदपि तदभावात्कर्म किञ्चिन्नकुर्यात्,	तदपि न च विबद्धः संयमी वा तपस्वी।।30।।"
ASHTAVAKRA GITA,"नाहं देहो न मे देहो बोधो़ऽहमिति निश्चयी।,कैवल्यमिवं संप्राप्तो न स्मरत्यकृतं कृतम्।।11.6।।  "
AVADHUTA GITA,"निरामयं निष्प्रतिमं निराकृतिं,	निराश्रयं निर्वपुषं निराशिषम्।,निर्द्वन्द्वनिर्मोहमलुप्तशक्ितकं,	तमीशमात्मानमुपैति शाश्वतम्।।31।।"
ASHTAVAKRA GITA,"आब्रह्मस्तम्बपर्यन्तमहमेवेति निश्चयी।,निर्विकल्पः शुचिः शान्तः प्राप्ताप्राप्तविनिर्वृतः।।11.7।।  "
AVADHUTA GITA,"वेदो न दीक्षा न च मुण्डनक्रिया,	गुरुर्न शिष्यो न च यन्त्रसम्पदः।,मुद्रादिकं चापि न यत्र भासते,	तमीशमात्मानमुपैति शाश्वतम्।।32।।"
ASHTAVAKRA GITA,"नानाश्चर्यमिदं विश्वं न किञ्चिदिति निश्चयी।,निर्वासनः स्फूर्तिमात्रो न किञ्चिदिव शाम्यति।।11.8।। ,              "
ASHTAVAKRA GITA," ,                   ,जनक उवाच।,कायकृत्यासहः पूर्वं ततो वाग्विस्तरासहः।,अथ चिन्तासहस्तस्मादेवमेवाहमास्थितः।।12.1।।  "
AVADHUTA GITA,"न शाम्भवं शाक्ितकमानवं न वा,	पिण्डं च रूपं च पदादिकं न वा।,आरम्भनिष्पत्तिघटादिकं च नो,	तमीशमात्मानमुपैति शाश्वतम्।।33।।"
AVADHUTA GITA,"यस्य स्वरूपात्सचराचरं जगद्,	उत्पद्यते तिष्ठति लीयतेऽपि वा।,पयोविकारादिव फेनबुद्बुदा,	स्तमीशमात्मानमुपैति शाश्वतम्।।34।।"
ASHTAVAKRA GITA,"प्रीत्यभावेन शब्दादेरदृश्यत्वेन चात्मनः।,विक्षेपैकाग्रहृदय एवमेवाहमास्थितः।।12.2।।  "
AVADHUTA GITA,"नासानिरोधो न च दृष्टिरासनं ,	बोधोऽप्यबोधोऽपि न यत्र भासते।,नाडीप्रचारोऽपि न यत्र किञ्चित्,	तमीशमात्मानमुपैति शाश्वतम्।।35।।"
ASHTAVAKRA GITA,"समाध्यासादिविक्षिप्तौ व्यवहारः समाधये।,एवं विलोक्य नियममेवमेवाहमास्थितः।।12.3।।  "
AVADHUTA GITA,"नानात्वमेकत्वमुभत्वमन्यता,	अणुत्वदीर्घत्वमहत्त्वशून्यता।,मानत्वमेयत्वसमत्ववर्जितं,	तमीशमात्मानमुपैति शाश्वतम्।।36।।"
ASHTAVAKRA GITA,"हेयोपादेयविरहादेवं हर्षविषादयोः।,अभावादद्य हे ब्रह्मन्नेवमेवाहमास्थितः।।12.4।।  "
AVADHUTA GITA,"सुसंयमी वा यदि वा न संयमी,	सुसंग्रही वा यदि वा न संग्रही।,निष्कर्मको वा यदि वा सकर्मक,	स्तमीशमात्मानमुपैति शाश्तम्।।37।।"
AVADHUTA GITA,"मनो न बुद्धिर्न शरीरमिन्द्रियं ,	तन्मात्रभूतानि न भूतपञ्चकम्।,अहंकृतिश्चापि वियत्स्वरूपकं,	तमीशमात्मानमुपैति शाश्वतम्।38।।"
AVADHUTA GITA,"विधौ निरोधे परमात्मतां गते,	न योगिनश्चेतसि भेदवर्जिते।,शौचं न वाशौचमलिङ्गभावना,	सर्वं विधेयं यदि वा निषिध्यते।।39।।"
AVADHUTA GITA,"मनो वचो यत्र न शक्तमीरितुं,	नूनं कथं तत्र गुरूपदेशता।,इमां कथामुक्तवतो गुरोस्तद्,	युक्तस्य तत्त्वं हि समं प्रकाशते।।40।।                  ,                "
AVADHUTA GITA,"अवधूत उवाच,गुणविगुणविभागो वर्तते नैव किञ्चित्,	रतिविरतिविहीनं निर्मलं निष्प्रपञ्चम्।,गुणाविगुणविहीनं व्यापकं विश्वरूपं,	कथमहमिह वन्दे व्योमरूपं शिवं वै।।1।।"
AVADHUTA GITA,"श्वेतादिवर्णरहितो नियतं शिवश्च,	कार्यं हि कारणमिदं हि परं शिवश्च।,एवं विकल्परहितोऽहमलं शिवश्च,	स्वात्मानमात्मनि सुमित्र कथं नमामि।।2।।"
AVADHUTA GITA,"निर्मूलमूलरहितो हि सदोदितोऽहं,	निर्धूमधूमरहितो हि सदोदितोऽहम्।,निर्दीपदीपरहितो हि सदोदितोऽहं,	ज्ञानामृतं समरसं गगनोपमोऽहम्।।3।।"
AVADHUTA GITA,"निष्कामकाममिह नाम कथं वदामि,	निःसङ्गसङ्गमिह नाम कथं वदामि।,निःसारसाररहितं च कथं वदामि,	ज्ञानामृतं समरसं गगनोपमोऽहम्।।4।।"
AVADHUTA GITA,"अद्वैतरूपमखिलं हि कथं वदामि,	द्वैतस्वरूपमखिलं हि कथं वदामि।,नित्यं त्वनित्यमखिलं हि कथं वदामि,	ज्ञानमृतं समरसं गगनोपमोऽहम्।।5।।"
AVADHUTA GITA,"स्थूलं हि नो नहि कृशं न गतागतं हि,	आद्यन्तमध्यरहितं न परापरं हि।,सत्यं वदामि खलु वै परमार्थतत्त्वं,	ज्ञानामृतं समरसं गगनोपमोऽहम्।।6।।"
AVADHUTA GITA,"संविद्धि सर्वकरणानि नभोनिभानि,	संविद्धि सर्वविषयांश्च नभोनिभांश्च।,संविद्धि चैकममलं न हि बन्धमुक्तं,	ज्ञानामृतं समरसं गगनोपमोऽहम्।।7।।"
AVADHUTA GITA,"दुर्बोधबोधगहनो न भवामि तात,	दुर्लक्ष्यलक्ष्यगहनो न भवामि तात।,आसन्नरूपगहनो न भवामि तात,	ज्ञानामृतं समरसं गगनोपमोऽहम्।।8।।"
AVADHUTA GITA,"निष्कर्मकर्मदहनो ज्वलनो भवामि,	निर्दुःखदुःखदहनो ज्वलनो भवामि।,निर्देहदेहदहनो ज्वलनो भवामि,	ज्ञानामृतं समरसं गगनोपमोऽहम्।।9।।"
AVADHUTA GITA,"निष्पापपापदहनो हि हुताशनोऽहं,	निर्धर्मधर्मदहनो हि हुताशनोऽहम्।,निर्बन्धबन्धदहनो हि हुताशनोऽहं,	ज्ञानामृतं समरसं गगनोपमोऽहम्।।10।।"
AVADHUTA GITA,"निर्भावभावरहितो न भवामि वत्स,	निर्योगयोगरहितो न भवामि वत्स।,निश्चित्तचित्तरहितो न भवामि वत्स,	ज्ञानामृतं समरसं गगनोपमोऽहम्।।11।।"
AVADHUTA GITA,"निर्मोहमोहपदवीति न मे विकल्पो,	निःशोकशोकपदवीति न मे विकल्पः।,निर्लोभलोभपदवीति न मे विकल्पो,	ज्ञानामृतं समरसं गगनोपमोऽहम्।।12।।"
AVADHUTA GITA,"संसारसन्तिलता न च मे कदाचित्,	सन्तोषसन्ततिसुखो न च मे कदाचित्।,अज्ञानबन्धनमिदं न च मे कदाचित्,	ज्ञानामृतं समरसं गगनोपमोऽहम्।।13।।"
AVADHUTA GITA,"संसारसन्ततिरजो न च मे विकारः,	सन्तापसन्ततितमो न च मे विकारः।,सत्त्वं स्वधर्मजनकं न च मे विकारो,	ज्ञानामृतं समरसं गगनोपमोऽहम्।।14।।"
AVADHUTA GITA,"सन्तापदुःखजनको न विधिः कदाचित्,	सन्तापयोगजनितं न कदाचित् मनः।,यस्मादहङ्कृतिरियं न च मे कदाचित,	ज्ञानामृतं समरसं गगनोपमोऽहम्।।15।।"
AVADHUTA GITA,"निष्कम्पकम्पनिधनं न विकल्पकल्पं,	स्वप्नप्रबोधनिधनं न हिताहितं हि।,निःसारसारनिधनं न चराचरं हि,	ज्ञानामृतं समरसं गगनोपमोऽहम्।।16।।"
AVADHUTA GITA,"नो वेद्यवेदकमिदं न च हेतुतर्क्यं,	वाचामगोचरमिदं न मनो न बुद्धिः।,एवं कथं हि भवतः कथयामि तत्त्वं,	ज्ञानामृतं समरसं गगनोपमोऽहम्।।17।।"
ASHTAVAKRA GITA,"आश्रमानाश्रमं ध्यानं चित्तस्वीकृतवर्जनम्।,विकल्पं मम वीक्ष्यैतैरेवमेवाहमास्थितः।।12.5।।  "
AVADHUTA GITA,"निर्भिन्नभिन्नरहितं परमार्थतत्त्व,	मन्तर्बहिर्न हि कथं परमार्थतत्त्वम्।,प्राक्सम्भवं न च रतं नहि वस्तु किञ्चित् ,	ज्ञानामृतं समरसं गगनोपमोऽहम्।।18।।"
ASHTAVAKRA GITA,"कर्मानुष्ठानमज्ञानाद्यथैवोपरमस्तथा।,बुध्वा सम्यगिदं तत्त्वमेवमेवाहमास्थितः।।12.6।।  "
AVADHUTA GITA,"रागादिदोषरहितं त्वहमेव तत्त्वं,	दैवादिदोषरहितं त्वहमेव तत्त्वं।,संसारशोकरहितं त्वहमेव तत्त्वं,	ज्ञानामृतं समरसं गगनोपमोऽहम्।।19।।"
ASHTAVAKRA GITA,"अचिन्त्यं चिन्त्यमानोऽपि चिन्तारूपं भजत्यसौ।,त्यक्तवा तद्भावनं तस्मादेवमेवाहमास्थितः।।12.7।।  "
AVADHUTA GITA,"स्थानत्रयं यदि च नेति कथं तुरीयं,	कालत्रयं यदि च नेति कथं दिशश्च।,शान्तं पदं हि परमं परमार्थतत्त्वं,	ज्ञानामृतं समरसं गगनोपमोऽहम्।।20।।"
ASHTAVAKRA GITA,"एवमेव कृतं येन स कृतार्थो भेवदसौ।,एवमेव स्वभावो यः स कृतार्थो भवेदसौ।।12.8।। ,      ,              "
AVADHUTA GITA,"दीर्घो लघुः पुनरितीह न मे विभागो,	विस्तारसंकटमितीह न मे विभागः।,कोणं हि वर्तुलमितीह न मे विभागो,	ज्ञानामृतं समरसं गगनोपमोऽहम्।।21।।"
ASHTAVAKRA GITA," ,                   जनक उवाच।,अकिञ्चनभवं स्वास्थ्यं कौपीनत्वेऽपि दुर्लभम्।,त्यागादाने विहायास्मादहमासे यथासुखम्।।13.1।।  "
AVADHUTA GITA,"मातापितादि तनयादि न मे कदाचित्,	जातं मृतं न च मनो न च मे कदाचित्।,निर्व्याकुलं स्थिरमिदं परमार्थतत्त्वं,	ज्ञानामृतं समरसं गगनोपमोऽहम्।।22।।"
ASHTAVAKRA GITA,"कुत्रापि खेदः कायस्य जिह्वा कुत्रापि खिद्यते।,मनः कुत्रापि तत्त्यक्त्वा पुरुषार्थे स्थितः सुखम्।।13.2।।  "
AVADHUTA GITA,"शुद्धं विशुद्धमविचारमनन्तरूपं ,	निर्लेपलेपमविचारमनन्तरूपम्।,निष्खण्डखण्डमविचारमनन्तरूपं,	ज्ञानामृतं समरसं गगनोपमोऽहम्।।23।।"
ASHTAVAKRA GITA,"कृतं किमपि नैव स्यादिति सञ्चिन्त्य तत्त्वतः।,यदा यत् कर्तुमायाति तत्कृत्वासे यथासुखम्।।13.3।।  "
AVADHUTA GITA,"ब्रह्मादयः सुरगणाः कथमत्र सन्ति,	स्वर्गादयो वसतयः कथमत्र सन्ति।,यद्येकरूपममलं परमार्थतत्त्वं,	ज्ञानामृतं समरसं गगनोपमोऽहम्।।24।।"
ASHTAVAKRA GITA,"कर्मनैष्कर्म्यनिर्बन्धभावा देहस्थयोगिनः।,संयोगायोगविरहादहमासे यथासुखम्।।13.4।।  "
AVADHUTA GITA,"निर्नेति नेति विमलो हि कथं वदामि,	निःशेषशेषविमलो हि कथं वदामि।,निर्लिङ्गलिङ्गविमलो हि कथं वदामि,	ज्ञानामृतं समरसं गगनोपमोऽहम्।।25।।"
ASHTAVAKRA GITA,"अर्थानर्थौ न मे स्थित्या गत्या न शयनेन वा।,तिष्ठन् गच्छन् स्वपन् तस्मादहमासे यथासुखम्।।13.5।।  "
AVADHUTA GITA,"निष्कर्मकर्मपरमं सततं करोमि,	निःसङ्गसङ्गरहितं परमं विनोदम्।,निर्देहदेहरहितं सततं विनोदं,	ज्ञानामृतं समरसं गगनोपमोऽहम्।।26।।"
ASHTAVAKRA GITA,"स्वपतो नास्ति मे हानिः सिद्धिर्यत्नवतो न वा।,नाशोल्लासौ विहायास्मादहमासे यथासुखम्।।13.6।।  "
AVADHUTA GITA,"मायाप्रपञ्चरचना न च मे विकारः,	कौटिल्यदम्भरचना न च मे विकारः।,सत्यानृतेति रचना न च मे विकारो,	ज्ञानामृतं समरसं गगनोपमोऽहम्।।27।।"
ASHTAVAKRA GITA,"सुखादिरूपानियमं भावेष्वालोक्य भूरिशः।,शुभाशुभे विहायास्मादहमासे यथासुखम्।।13.7।।   ,  ,              "
AVADHUTA GITA,"सन्ध्यादिकालरहितं न च मे वियोगो,	ह्यन्तः प्रबोधरहितं बधिरो न मूकः।,एवं विकल्परहितं न च भावशुद्धं,	ज्ञानामृतं समरसं गगनोपमोऽहम्।।28।।"
ASHTAVAKRA GITA," ,                   जनक उवाच।,प्रकृत्या शून्यचित्तो यः प्रमादाद्भावभावनः।,निद्रितो बोधित इव क्षीणसंस्मरणो हि सः।।14.1।।  "
AVADHUTA GITA,"निर्नाथनाथरहितं हि निराकुलं वै,	निश्चित्तचित्तविगतं हि निराकुलं वै।,संविद्धि सर्वविगतं हि निराकुलं वै,	ज्ञानामृतं समरसं गगनोपमोऽहम्।।29।।"
ASHTAVAKRA GITA,"क्व धनानि क्व मित्राणि क्व मे विषयदस्यवः।,क्व शास्त्रं क्व च विज्ञानं यदा मे गलिता स्पृहा।।14.2।।  "
AVADHUTA GITA,"कान्तारमन्दिरमिदं हि कथं वदामि,	संसिद्धसंशयमिदं हि कथं वदामि।,एवं निरन्तरसमं हि निराकुलं वै,	ज्ञानामृतं समरसं गगनोपमोऽहम्।।30।।"
ASHTAVAKRA GITA,"विज्ञाते साक्षिपुरुषे परमात्मनि चेश्वरे।,नैराश्ये बन्धमोक्षे च न चिन्ता मुक्तये मम।।14.3।।  "
AVADHUTA GITA,"निर्जीवजीवरहितं सततं विभाति,	निर्बीजबीजरहितं सततं विभाति।,निर्वाणबन्धरहितं सततं विभाति,	ज्ञानामृतं समरसं गगनोपमोऽहम्।।31।।"
ASHTAVAKRA GITA,"अन्तर्विकल्पशून्यस्य बहिः स्वच्छन्दचारिणः।,भ्रान्तस्येव दशास्तास्तास्तादृशा एव जानते।।14.4।। ,         ,              "
AVADHUTA GITA,"सम्भूतिवर्जितमिदं सततं विभाति,	संसारवर्जितमिदं सततं विभाति।,संहारवर्जितमिदं सततं विभाति,	ज्ञानामृतं समरसं गगनोपमोऽहम्।।32।।"
ASHTAVAKRA GITA," ,                   अष्टावक्र उवाच।,यथातथोपदेशेन कृतार्थः सत्त्वबुद्धिमान्।,आजीवमपि जिज्ञासुः परस्तत्र विमुह्यति।।15.1।।  "
AVADHUTA GITA,"उल्लेखमात्रमपि ते न च नामरूपं,	निर्भिन्नभिन्नमपि ते न हि वस्तु किञ्चित्।,निर्लज्जमानस करोषि कथं विषादं ,	ज्ञानामृतं समरसं गगनोपमोऽहम्।।33।।"
ASHTAVAKRA GITA,"मोक्षो विषयवैरस्यं बन्धो वैषयिको रसः।,एतावदेव विज्ञानं यथेच्छसि तथा कुरु।।15.2।।  "
AVADHUTA GITA,"किं नाम रोदिषि सखे न जरा न मृत्युः,	किं नाम रोदिषि सखे न च जन्मदुःखम्।,किं नाम रोदिषि सखे न च ते विकारो,	ज्ञानामृतं समरसं गगनोपमोऽहम्।।34।।"
ASHTAVAKRA GITA,"वाग्मिप्राज्ञमहोद्योगं जनं मूकजडालसम्।,करोति तत्त्वबोधोऽयमतस्त्यक्तो बुभुक्षुभिः।।15.3।।  "
AVADHUTA GITA,"किं नाम रोदिषि सखे न च ते स्वरूपं,	किं नाम रोदिषि सखे न च ते विरूपम्।,किं नाम रोदिषि सखे न च ते वयांसि,	ज्ञानामृतं समरसं गगनोपमोऽहम्।।35।।"
ASHTAVAKRA GITA,"न त्वं देहो न ते देहो भोक्ता कर्ता न वा भवान्।,चिद्रूपोऽसि सदा साक्षी निरपेक्षः सुखं चर।।15.4।।  "
AVADHUTA GITA,"किं नाम रोदिषि सखे न च ते वयांसि,	किं नाम रोदिषि सखे न च ते मनांसि।,किं नाम रोदिषि सखे न तवेन्द्रियाणि ,	ज्ञानामृतं समरसं गगनोपमोऽहम्।।36।।"
ASHTAVAKRA GITA,"रागद्वेषौ मनोधर्मौ न मनस्ते कदाचन।,निर्विकल्पोऽसि बोधात्मा निर्विकारः सुखं चर।।15.5।।  "
AVADHUTA GITA,"किं नाम रोदिषि सखे न च तेऽस्ति कामः,	किं नाम रोदिषि सखे न च ते प्रलोभः।,किं नाम रोदिषि सखे न च ते विमोहो,	ज्ञानामृतं समरसं गगनोपमोऽहम्।।37।।"
ASHTAVAKRA GITA,"सर्वभूतेषु चात्मानं सर्वभूतानि चात्मनि।,विज्ञाय निरहंकारो निर्ममस्त्वं सुखी भव।।15.6।।  "
AVADHUTA GITA,"ऐश्वर्यमिच्छसि कथं न च ते धनानि,	ऐश्वर्यमिच्छसि कथं न च ते हि पत्नी।,ऐश्वर्यमिच्छसि कथं न च ते ममेति,	ज्ञानामृतं समरसं गगनोपमोऽहम्।।38।।"
ASHTAVAKRA GITA,"विश्वं स्फुरति यत्रेदं तरङ्गा इव सागरे।,तत्त्वमेव न सन्देहश्चिन्मूर्ते विज्वरो भव।।15.7।।  "
AVADHUTA GITA,"लिङ्गप्रपञ्चजनुषी न च ते न मे च,	निर्लज्जमानसमिदं च विभाति भिन्नम्।,निर्भेदभेदरहितं न च ते न मे च,	ज्ञानामृतं समरसं गगनोपमोऽहम्।।39।।"
ASHTAVAKRA GITA,"श्रद्धस्व तात श्रद्धस्व नात्र मोहं कुरुष्व भोः।,ज्ञानस्वरूपो भगवानात्मा त्वं प्रकृतेः परः।।15.8।।  "
AVADHUTA GITA,"नो वाणुमात्रमपि ते हि विरागरूपं,	नो वाणुमात्रमपि ते हि सरागरूपम्।,नो वाणुमात्रमपि ते हि सकामरूपं,	ज्ञानामृतं समरसं गगनोपमोऽहम्।।40।।"
ASHTAVAKRA GITA,"गुणैः संवेष्टितो देहस्तिष्ठत्यायाति याति च।,आत्मा न गन्ता नागन्ता किमेनमनुशोचसि।।15.9।।  "
AVADHUTA GITA,"ध्याता न ते हि हृदये न च ते समाधि,	र्ध्यानं न ते हि हृदये न बहिः प्रदेशः।,ध्येयं न चेति हृदये न हि वस्तु कालो,	ज्ञानामृतं समरसं गगनोपमोऽहम्।।41।। "
ASHTAVAKRA GITA,"देहस्तिष्ठतु कल्पान्तं गच्छत्वद्यैव वा पुनः।,क्व वृद्धिः क्व च वा हानिस्तव चिन्मात्ररूपिणः।।15.10।।  "
AVADHUTA GITA,"यत्सारभूतमखिलं कथितं मया ते,	न त्वं न मे न महतो न गुरुर्न शिष्यः।,स्वच्छन्दरूपसहजं परमार्थतत्त्वं,	ज्ञानामृतं समरसं गगनोपमोऽहम्।।42।।"
ASHTAVAKRA GITA,"त्वय्यनन्तमहाम्भोधौ विश्ववीचिः स्वभावतः।,उदेतु वास्तमायातु न ते वृद्धिर्न वा क्षतिः।।15.11।।  "
AVADHUTA GITA,"कथमिह परमार्थं तत्त्वमानन्दरूपं,	कथमिह परमार्थं नैवमानन्दरूपम्।,कथमिह परमार्थं ज्ञानविज्ञानरूपं,	यदि परमहमेकं वर्तते व्योमरूपम्।।43।।"
ASHTAVAKRA GITA,"तात चिन्मात्ररूपोऽसि न ते भिन्नमिदं जगत्।,अतः कस्य कथं कुत्र हेयोपादेयकल्पना।।15.12।।  "
AVADHUTA GITA,"दहनपवनहीनं विद्धि विज्ञानमेक,	मवनिजलविहीनं विद्धि विज्ञानरूपम्।,समगमनविहीनं विद्धि विज्ञानमेकं,	गगनमिव विशालं विद्धि विज्ञानमेकम्।।44।।"
ASHTAVAKRA GITA,"एकस्मिन्नव्यये शान्ते चिदाकाशेऽमले त्वयि।,कुतो जन्म कुतः कर्म कुतोऽहंकार एव च।।15.13।।  "
AVADHUTA GITA,"न शून्यरूपं न विशून्यरूपं,	न शुद्धरूपं न विशुद्धरूपम्।,रूपं विरूपं न भवामि किञ्चित् ,	स्वरूपरूपं परमार्थतत्त्वम्।।45।।"
ASHTAVAKRA GITA,"यत्त्वं पश्यसि तत्रैकस्त्वमेव प्रतिभाससे।,किं पृथक् भासते स्वर्णात् कटकाङ्गदनूपुरम्।।15.14।।  "
AVADHUTA GITA,"मुञ्च मुञ्च हि संसारं त्यागं मुञ्च हि सर्वथा।,त्यागात्यागविषं शुद्धममृतं सहजं ध्रुवम्।।46।।                  ,                "
AVADHUTA GITA," अवधूत उवाच,नावाहनं नैव विसर्जनं वा,	पुष्पाणि पत्राणि कथं भवन्ति।,ध्यानानि मन्त्राणि कथं भवन्ति,	समासमं चैव शिवार्चनं च।।1।।"
ASHTAVAKRA GITA,"अयं सोऽहमयं नाहं विभागमिति सन्त्यज।,सर्वमात्मेति निश्चित्य निःसङ्कल्पः सुखी भव।।15.15।।  "
AVADHUTA GITA,"न केवलं बन्धविबन्धमुक्तो ,	न केवलं शुद्धविशुद्धमुक्तः।,न केवलं योगवियोगमुक्तः,	स वै विमुक्तो गगनोपमोऽहम्।।2।।"
ASHTAVAKRA GITA,"तवैवाज्ञानतो विश्वं त्वमेकः परमार्थतः।,त्वत्तोऽन्यो नास्ति संसारी नासंसारी च कश्चन।।15.16।।  "
AVADHUTA GITA,"सञ्जायते सर्वमिदं हि तथ्यं,	सञ्जायते सर्वमिदं वितथ्यम्।,एवं विकल्पो मम नैव जातः,	स्वरूपनिर्वाणमनामयोऽहम्।।3।।"
ASHTAVAKRA GITA,"भ्रान्तिमात्रमिदं विश्वं न किञ्चिदिति निश्चयी।,निर्वासनः स्फूर्तिमात्रो न किञ्चिदिव शाम्यति।।15.17।।  "
AVADHUTA GITA,"न साञ्जनं चैव निरञ्जनं वा,	न चान्तरं वापि निरन्तरं वा।,अन्तर्विभिन्नं न हि मे विभाति,	स्वरूपनिर्वाणमनामयोऽहम्।।4।।"
ASHTAVAKRA GITA,"एक एव भवाम्भोधावासीदस्ति भविष्यति।,न ते बन्धोऽस्ति मोक्षो वा कृतकृत्यः सुखं चर।।15.18।।  "
ASHTAVAKRA GITA,"मा सङ्कल्पविकल्पाभ्यां चित्तं क्षोभय चिन्मय।,उपशाम्य सुखं तिष्ठ स्वात्मन्यानन्दविग्रहे।।15.19।।  "
ASHTAVAKRA GITA,"त्यजैव ध्यानं सर्वत्र मा किञ्चिद्धृदि धारय।,आत्मा त्वं मुक्त एवासि किं विमृश्य करिष्यसि।।15.20।।,   ,              "
AVADHUTA GITA,"अबोधबोधो मम नैव जातो,	बोधस्वरूपं मम नैव जातम्।,निर्बोधबोधं च कथं वदामि,	स्वरूपनिर्वाणमनामयोऽहम्।।5।।"
ASHTAVAKRA GITA," ,                अष्टावक्र उवाच।,आचक्ष्व शृणु वा तात नानाशास्त्राण्यनेकशः।,तथापि न त्व स्वास्थ्यं सर्वविस्मरणादृते।।16.1।।  "
AVADHUTA GITA,"न धर्मयुक्तो न च पापयुक्तो,	न बन्धयुक्तो न च मोक्षयुक्तः।,युक्तं त्वयुक्तं न च मे विभाति,	स्वरूपनिर्वाणमनामयोऽहम्।।6।।"
ASHTAVAKRA GITA,"भोगं कर्म समाधिं वा कुरु विज्ञ तथापि ते।,चित्तं निरस्तसर्वाशमत्यर्थं रोचयिष्यति।।16.2।।  "
AVADHUTA GITA,"परापरं वा न च मे कदाचित्,	मध्यस्थभावो हि न चारिमित्रम्।,हिताहितं चापि कथं वदामि,	स्वरूपनिर्वाणमनामयोऽहम्।।7।।"
ASHTAVAKRA GITA,"आयासात् सकलो दुःखी नैनं जानाति कश्चन।,अनेनैवोपदेशेन धन्यः प्राप्नोति निर्वृतिम्।।16.3।।  "
AVADHUTA GITA,"नोपासको नैवमुपास्यरूपं,	न चोपदेशो न च मे क्रिया च।,संवित्स्वरूपं च कथं वदामि	,	स्वरूपनिर्वाणमनामयोऽहम्।।8।।"
ASHTAVAKRA GITA,"व्यापारे खिद्यते यस्तु निमेषोन्मेषयोरपि।,तस्यालस्यधुरीणस्य सुखं नान्यस्य कस्यचित्।।16.4।।  "
AVADHUTA GITA,"नो व्यापकं व्याप्यमिहास्ति किञ्चित्,	न चालयं वापि निरालयं वा।,अशून्यशून्यं च कथं वदामि,	स्वरूपनिर्वाणमनामयोऽहम्।।9।।"
ASHTAVAKRA GITA,"इदं कृतमिदं नेति द्वन्द्वैर्मुक्तं यदा मनः।,धर्मार्थकाममोक्षेषु निरपेक्षं तदा भवेत्।।16.5।।  "
AVADHUTA GITA,"न ग्राहको ग्राह्यकमेव किञ्चित्,	न कारणं वा मम नैव कार्यम्।,अचिन्त्यचिन्त्यं च कथं वदामि,	स्वरूपनिर्वाणमनामयोऽहम्।।10।।"
ASHTAVAKRA GITA,"विरक्तो विषयद्वेष्टा रागी विषयलोलुपः।,ग्रहमोक्षविहीनस्तु न विरक्तो न रागवान्।।16.6।।  "
AVADHUTA GITA,"न भेदकं वापि न चैव भेद्यं,	न वेदकं वा मम नैव वेद्यम्।,गतागतं तात कथं वदामि,	स्वरूपनिर्वाणमनामयोऽहम्।।11।।"
ASHTAVAKRA GITA,"हेयोपादेयता तावत् संसारविटपांकुरः।,स्पृहा जीवति यावद्वै निर्विचारदशास्पदम्।।16.7।।  "
AVADHUTA GITA,"न चास्ति देहो न च मे विदेहो,	बुद्धिर्मनो मे न हि चेन्द्रियाणि।,रागो विरागश्च कथं वदामि,	स्वरूपनिर्वाणमनामयोऽहम्।।12।।"
ASHTAVAKRA GITA,"प्रवृत्तौ जायते रागो निवृत्तौ द्वेष एव हि।,निर्द्वन्द्वो बालवद्धीमानेवमेव व्यवस्थितः।।16.8।।  "
AVADHUTA GITA,"उल्लेखमात्रं न हि भिन्नमुच्चै,	रुल्लेखमात्रं न तिरोहितं वै।,समासमं मित्र कथं वदामि,	स्वरूपनिर्वाणमनामयोऽहम्।।13।।"
ASHTAVAKRA GITA,"हातुमिच्छति संसारं रागी दुःखजिहासया।,वीतरागो हि निर्दुःखस्तस्मिन्नपि न खिद्यति।।16.9।।  "
AVADHUTA GITA,"जितेन्द्रियोऽहं त्वजितेन्द्रियो वा,	न संयमो मे नियमो न जातः।,जयाजयौ मित्र कथं वदामि,	स्वरूपनिर्वाणमनामयोऽहम्।।14।।"
ASHTAVAKRA GITA,"यस्याभिमानो मोक्षेऽपि देहेऽपि ममता तथा।,न च ज्ञानी न वा योगी केवलं दुःखभागसौ।।16.10।।  "
AVADHUTA GITA,"अमूर्तमूर्तिर्न च मे कदाचिदा,	द्यन्तमध्यं न च मे कदाचित्।,बलाबलं मित्र कथं वदामि,	स्वरूपनिर्वाणमनामयोऽहम्।।15।।"
ASHTAVAKRA GITA,"हरो यद्युपदेष्टा ते हरिः कमलजोऽपि वा।,तथापि न तव स्वास्थ्यं सर्वविस्मरणादृते।।16.11।। ,              "
AVADHUTA GITA,"मृतामृतं वापि विषाविषं च,	सञ्जायते तात न मे कदाचित्।,अशुद्धशुद्धं च कथं वदामि,	स्वरूपनिर्वाणमनामयोऽहम्।।16।।"
ASHTAVAKRA GITA," ,                    ,अष्टावक्र उवाच।,तेन ज्ञानफलं प्राप्तं योगाभ्यासफलं तथा।,तृप्तः स्वच्छेन्द्रियो नित्यमेकाकी रमते तु यः।।17.1।।  "
AVADHUTA GITA,"स्वप्नः प्रबोधो न च योगमुद्रा,	नक्तं दिवा वापि न मे कदाचित्।,अतुर्यतुर्यं च कथं वदामि,	स्वरूपनिर्वाणमनामयोऽहम्।।17।।"
ASHTAVAKRA GITA,"न कदाचिज्जगत्यस्मिन् तत्त्वज्ञो हन्त खिद्यति।,यत एकेन तेनेदं पूर्णं ब्रह्माण्डमण्डलम्।।17.2।।  "
AVADHUTA GITA,"संविद्धि मां सर्वविसर्वमुक्तं  ,	माया विमाया न च मे कदाचित्।,सन्ध्यादिकं कर्म कथं वदामि,	स्वरूपनिर्वाणमनामयोऽहम्।।18।।"
ASHTAVAKRA GITA,"न जातु विषयाः केऽपि स्वारामं हर्षयन्त्यमी।,सल्लकीपल्लवप्रीतमिवेमं निम्बपल्लवाः।।17.3।।  "
AVADHUTA GITA,"संविद्धि मां सर्वसमाधियुक्तं,	संविद्धि मां लक्ष्यविलक्ष्यमुक्तम्।,योगं वियोगं च कथं वदामि,	स्वरूपनिर्वाणमनामयोऽहम्।।19।।"
ASHTAVAKRA GITA,"यस्तु भोगेषु भुक्तेषु न भवत्यधिवासितः।,अभुक्तेषु निराकाङ्क्षी तादृशो भवदुर्लभः।।17.4।।  "
AVADHUTA GITA,"मूर्खोऽपि नाहं न च पण्डितोऽहं,	मौनं विमौनं न च मे कदाचित्।,तर्कं वितर्कं च कथं वदामि,	स्वरूपनिर्वाणमनामयोऽहम्।।20।।"
ASHTAVAKRA GITA,"बुभुक्षुरिह संसारे मुमुक्षुरपि दृश्यते।,भोगमोक्षनिराकाङ्क्षी विरलो हि महाशयः।।17.5।।  "
AVADHUTA GITA,"पिता च माता च कुलं न जातिर्,	जन्मादि मृत्युर्न च मे कदाचित्।,स्नेहं विमोहं च कथं वदामि,	स्वरूपनिर्वाणमनामयोऽहम्।।21।।"
ASHTAVAKRA GITA,"धर्मार्थकाममोक्षेषु जीविते मरणे तथा।,कस्याप्युदारचित्तस्य हेयोपादेयता न हि।।17.6।।  "
AVADHUTA GITA,"अस्तं गतो नैव सदोदितोऽहं,	तेजोवितेजो न च मे कदाचित्।,सन्ध्यादिकं कर्म कथं वदामि,	स्वरूपनिर्वाणमनामयोऽहम्।।22।।"
ASHTAVAKRA GITA,"वाञ्छा न विश्वविलये न द्वेषरतस्य च स्थितौ।,यथा जीविकया तस्माद्धन्य आस्ते यथासुखम्।।17.7।।  "
AVADHUTA GITA,"असंशयं विद्धि नराकुलं माम,	संशयं विद्धि निरन्तरं माम्।,असंशयं विद्धि निरञ्जनं मां,	स्वरूपनिर्वाणमनामयोऽहम्।।23।।"
ASHTAVAKRA GITA,"कृतार्थोऽनेन ज्ञानेनेत्येवं गलितधीः कृती।,पश्यन् शृण्वन् स्पृशन् जिघ्रन्नश्नन्नास्ते यथासुखम्।।17.8।।  "
AVADHUTA GITA,"ध्यानानि सर्वाणि परित्यजन्ति,	शुभाशुभं कर्म परित्यजन्ति।,त्यागामृतं तात पिबन्ति धीराः,	स्वरूपनिर्वाणमनामयोऽहम्।।24।।"
ASHTAVAKRA GITA,"शून्या दृष्टिर्वृथा चेष्टा विकलानीन्द्रियाणि च।,न स्पृहा न विरक्तिर्वा क्षीणंसारसागरे।।17.9।।  "
AVADHUTA GITA,"विन्दति विन्दति न हि न हि यत्र,	छन्दोलक्षणं न हि न हि यत्र।,समरसमग्नो भावितपूतः,	प्रलपति तत्त्वं परमवधूतः।।25।।,                 ,                "
ASHTAVAKRA GITA,"न जागर्ति न निद्राति नोन्मीलति न मीलति।,अहो परदशा क्वापि वर्तते मुक्तचेतसः।।17.10।।  "
AVADHUTA GITA," अवधूत उवाच,ओं इति गदितं गगनसमं तत्,	न परापरसारविचार इति।,अविलासविलासनिराकरणं ,	कथमक्षरबिन्दुसमुच्चरणम्।।1।।"
ASHTAVAKRA GITA,"सर्वत्र दृश्यते स्वस्थः सर्वत्र विमलाशयः।,समस्तवासनामुक्तो मुक्तः सर्वत्र राजते।।17.11।।  "
AVADHUTA GITA,"इति तत्त्वमसिप्रभृतिश्रुतिभिः,	प्रतिपादितमात्मनि तत्त्वमसि।,त्वमुपाधिविवर्जितसर्वसमं,	किमु रोदिषि मानसि सर्वसमम्।।2।।"
ASHTAVAKRA GITA,"पश्यन् शृण्वन् स्पृशन् जिघ्रन्नश्चन् गृह्णन् वदन् व्रजन्।,ईहितानीहितैर्मुक्तो मुक्त एव महाशयः।।17.12।।  "
AVADHUTA GITA,"अधऊध्र्वविवर्जितसर्वसमं,	बहिरन्तरवर्जितसर्वसमम्।,यदि चैकविवर्जितसर्वसमं,	किमु रोदिषि मानसि सर्वसमम्।।3।।"
ASHTAVAKRA GITA,"न निन्दति न च स्तौति न हृष्यति न कुप्यति।,न ददाति न गृह्णाति मुक्तः सर्वत्र नीरसः।।17.13।।  "
AVADHUTA GITA,"न हि कल्पितकल्पविचार इति,	न हि कारणकार्यविचार इति।,पदसन्धिविवर्जितसर्वसमं,	किमु रोदिषि मानसि सर्वसमम्।।4।।"
ASHTAVAKRA GITA,"सानुरागां स्त्रियं दृष्ट्वा मृत्युं वा समुपस्थितम्।,अविह्वलमनाः स्वस्थो मुक्त एव महाशयः।।17.14।।  "
AVADHUTA GITA,"न हि बोधविबोधसमाधिरिति,	न हि देशविदेशसमाधिरिति।,न हि कालविकालसमाधिरिति,	किमु रोदिषि मानसि सर्वसमम्।।5।।"
ASHTAVAKRA GITA,"सुखे दुःखे नरे नार्यां सम्पत्सु च विपत्सु च।,विशेषो नैव धीरस्य सर्वत्रसमदर्शिनः।।17.15।।  "
ASHTAVAKRA GITA,"न हिंसा नैव कारुण्यं नौद्धत्यं न च दीनता।,नाश्चर्यं नैव च क्षोभः क्षीणसंसरणेऽनरे।।17.16।।  "
AVADHUTA GITA,"न हि कुम्भनभो न हि कुम्भ इति,	न हि जीववपुर्न हि जीव इति।,न हि कारणकार्यविभाग इति,	किमु रोदिषि मानसि सर्वसमम्।।6।।"
ASHTAVAKRA GITA,"न मुक्तो विषयद्वेष्टा न वा विषयलोलुपः।,असंसक्तमना नित्यं प्राप्तं प्राप्तमुपाश्नुते।।17.17।।  "
AVADHUTA GITA,"इह सर्वनिरन्तरमोक्षपदं ,	लघुदीर्घविचारविहीन इति।,न हि वर्तुलकोणविभाग इति,	किमु रोदिषि मानसि सर्वसमम्।।7।।"
ASHTAVAKRA GITA,"समाधानासमाधानहिताहितविकल्पनाः।,शून्यचित्तो न जानाति कैवल्यमिव संस्थितः।।17.18।।  "
AVADHUTA GITA,"इह शून्यविशून्यविहीन इति,	इह शुद्धविशुद्धविहीन इति।,इह सर्वविसर्वविहीन इति,	किमु रोदिषि मानसि सर्वसमम्।।8।।"
ASHTAVAKRA GITA,"निर्ममो निरहङ्कारो न किञ्चिदिति निश्चितः।,अन्तर्गलितसर्वाशः कुर्वन्नपि करोति न।।17.19।।  "
AVADHUTA GITA,"न हि भिन्नविभिन्नविचार इति,	बहिरन्तरसन्धिविचार इति।,अरिमित्रविवर्जितसर्वसमं,	किमु रोदिषि मानसि सर्वसमम्।।9।।"
AVADHUTA GITA,"न हि शिष्यविशिष्यस्वरूप इति,	न चराचरभेदविचार इति।,इह सर्वनिरन्तरमोक्षपदं,	किमु रोदिषि मानसि सर्वसमम्।।10।।"
ASHTAVAKRA GITA,"मनःप्रकाशसम्मोहस्वप्नजाड्यविवर्जितः।,दशां कामपि संप्राप्तो भवेद्गलितमानसः।।17.20।।,       ,              "
AVADHUTA GITA,"ननु रूपविरूपविहीन इति,	ननु भिन्नविभिन्नविहीन इति।,ननु सर्गविसर्गविहीन इति,	किमु रोदिषि मानसि सर्वसमम्।।11।।"
ASHTAVAKRA GITA," ,                  अष्टावक्र उवाच।,यस्य बोधोदये तावत् स्वप्नवद्भवति भ्रमः।,तस्मै सुखैकरूपाय नमः शान्ताय तेजसे।।18.1।।  "
AVADHUTA GITA,"न गुणागुणपाशनिबन्ध इति,	मृतजीवनकर्म करोमि कथम्।,इति शुद्धनिरञ्जनसर्वसमं,	किमु रोदिषि मानसि सर्वसमम्।।12।।"
ASHTAVAKRA GITA,"अर्जयित्वाऽखिलानर्थान् भोगानाप्नोति षुष्कलान्।,न हि सर्वपरित्यागमन्तरेण सुखी भवेत्।।18.2।।  "
AVADHUTA GITA,"इह भावविभावविहीन इति,	इह कामविकामविहीन इति।,इह बोधतमं खलु मोक्षसमं,	किमु रोदिषि मानसि सर्वसमम्।।13।।"
ASHTAVAKRA GITA,"कर्तव्यदुःखमार्तण्डज्वालादग्धान्तरात्मनः।,कुतः प्रशमपीयूषधारासारमृते सुखम्।।18.3।।  "
AVADHUTA GITA,"इह तत्त्वनिरन्तरतत्त्वमिति,	न हि सन्धिविसन्धिविहीन इति।,यदि सर्वविवर्जितसर्वसमं,	किमु रोदिषि मानसि सर्वसमम्।।14।।"
ASHTAVAKRA GITA,"भवोऽयं भावनामात्रो न किञ्चित् परमार्थतः।,नास्त्यभावः स्वभावानां भावाभावविभाविनाम्।।18.4।।  "
AVADHUTA GITA,"अनिकेतकुटी परिवारसमं,	इह सङ्गविसङ्गविहीनपरम्।,इह बोधविबोधविहीनपरं,	किमु रोदिषि मानसि सर्वसमम्।।15।।"
ASHTAVAKRA GITA,"न दूरं न च सङ्कोचाल्लब्धमेवात्मनः पदम्।,निर्विकल्पं निरायासं निर्विकारं निरञ्जनम्।।18.5।।  "
AVADHUTA GITA,"अविकारविकारमसत्यमिति,	अविलक्षविलक्षमसत्यमिति।,यदि केवलमात्मनि सत्यमिति,	किमु रोदिषि मानसि सर्वसमम्।।16।।"
ASHTAVAKRA GITA,"व्यामोहमात्रविरतौ स्वरूपादानमात्रतः।,वीतशोका विराजन्ते निरावरणदृष्टयः।।18.6।।  "
AVADHUTA GITA,"इह सर्वसमं खलु जीव इति,	इह सर्वनिरन्तरजीव इति।,इह केवलनिश्चलजीव इति,	किमु रोदिषि मानसि सर्वसमम्।।17।।"
ASHTAVAKRA GITA,"समस्तं कल्पनामात्रमात्मा मुक्तः सनातनः।,इति विज्ञाय धीरो हि किमभ्यस्यति बालवत्।।18.7।।  "
AVADHUTA GITA,"अविवेकविवेकमबोध इति,	अविकल्पविकल्पमबोध इति।,यदि चैकनिरन्तरबोध इति,	किमु रोदिषि मानसि सर्वसमम्।।18।।"
ASHTAVAKRA GITA,"आत्मा ब्रह्मेति निश्चित्य भावाभावौ च कल्पितौ।,निष्कामः किं विजानाति किं ब्रूते च करोति किम्।।18.8।।  "
AVADHUTA GITA,"न हि मोक्षपदं न हि बन्धपदं,	न हि पुण्यपदं न हि पापपदम्।,न हि पूर्णपदं न हि रिक्तपदं,	किमु रोदिषि मानसि सर्वसमम्।।19।।"
ASHTAVAKRA GITA,"अयं सोऽहमयं नाहमिति क्षीणा विकल्पनाः।,सर्वमात्मेति निश्चित्य तूष्णीम्भूतस्य योगिनः।।18.9।।  "
AVADHUTA GITA,"यदि वर्णविवर्णविहीनसमं,	यदि कारणकार्यविहीनसमम्।,यदि भेदविभेदविहीनसमं,	किमु रोदिषि मानसि सर्वसमम्।।20।।"
ASHTAVAKRA GITA,"न विक्षेपो न चैकाग्र्यं नातिबोधो न मूढता।,न सुखं न च वा दुःखमुपशान्तस्य योगिनः।।18.10।।  "
AVADHUTA GITA,"इह सर्वनिरन्तरसर्वचिते,	इह केवलनिश्चलसर्वचिते।,द्विपदादिविवर्जितसर्वचिते,	किमु रोदिषि मानसि सर्वसमम्।।21।।"
ASHTAVAKRA GITA,"स्वाराज्ये भैक्ष्यवृत्तौ च लाभालाभे जने वने।,निर्विकल्पस्वभावस्य न विशेषोऽस्ति योगिनः।।18.11।।  "
AVADHUTA GITA,"अतिसर्वनिरन्तरसर्वगतं ,	अतिनिर्मलनिश्चलसर्वगतम्।,दिनरात्रिविवर्जितसर्वगतं,	किमु रोदिषि मानसि सर्वसमम्।।22।।"
ASHTAVAKRA GITA,"क्व धर्मः क्व च वा कामः क्व चार्थः क्व विवेकिता।,इदं कृतमिदं नेति द्वन्द्वैर्मुक्तस्य योगिनः।।18.12।।  "
AVADHUTA GITA,"न हि बन्धविबन्धसमागमनं,	न हि योगवियोगसमागमनम्।,न हि तर्कवितर्कसमागमनं,	किमु रोदिषि मानसि सर्वसमम्।।23।।"
ASHTAVAKRA GITA,"कृत्यं किमपि नैवास्ति न कापि हृदि रञ्जना।,यथाजीवनमेवेह जीवन्मुक्तस्य योगिनः।।18.13।।  "
AVADHUTA GITA,"इह कालविकालनिराकरणं,	अणुमात्रकृशानुनिराकरणम्।,न हि केवलसत्यनिराकरणं,	किमु रोदिषि मानसि सर्वसमम्।।24।।"
ASHTAVAKRA GITA,"क्व मोहः क्व च वा विश्वं क्व तद्धानं क्व मुक्तता।,सर्वसङ्कल्पसीमायां विश्रान्तस्य महात्मनः।।18.14।।  "
AVADHUTA GITA,"इह देहविदेहविहीन इति,	ननु स्वप्नसुषुप्तिविहीनपरम्।,अभिधानविधानविहीनपरं,	किमु रोदिषि मानसि सर्वसमम्।।25।।"
ASHTAVAKRA GITA,"येन विश्वमिदं दृष्टं स नास्तीति करोतु वै।,निर्वासनः किं कुरुते पश्यन्नपि न पश्यति।।18.15।।  "
AVADHUTA GITA,"गगनोपमशुद्धविशालसमं,	अतिसर्वविवर्जितसर्वसमम्।,गतसारविसारविकारसमं,	किमु रोदिषि मानसि सर्वसमम्।।26।।"
ASHTAVAKRA GITA,"येन दृष्टं परं ब्रह्म सोऽहं ब्रह्म ति चिन्तयेत्।,किं चिन्तयति निश्चिन्तो द्वितीयं यो न पश्यति।।18.16।।  "
ASHTAVAKRA GITA,"दृष्टो येनात्मविक्षेपो निरोधं कुरुते त्वसौ।,उदारस्तु न विक्षिप्तः साध्याभावात्करोति किम्।।18.17।।  "
AVADHUTA GITA,"इह धर्मविधर्मविरागतर,	मिह वस्तुविवस्तुविरागतरम्।,इह कामविकामविरागतरं,	किमु रोदिषि मानसि सर्वसमम्।।27।।"
ASHTAVAKRA GITA,"धीरो लोकविपर्यस्तो वर्तमानोऽपि लोकवत्।,न समाधिं न विक्षेपं न लेपं स्वस्य पश्यति।।18.18।।  "
AVADHUTA GITA,"सुखदुःखविवर्जितसर्वसम,	मिह शोकविशोकविहीनपरम्।,गुरुशिष्यविवर्जिततत्त्वपरं,	किमु रोदिषि मानसि सर्वसमम्।।28।।"
ASHTAVAKRA GITA,"भावाभावविहीनो यस्तृप्तो निर्वासनो बुधः।,नैव किञ्चित् कृतं तेन लोकदृष्ट्या विकुर्वता।।18.19।।  "
AVADHUTA GITA,"न किलाङ्कुरसारविसार इति,	न चलाचलसाम्यविसाम्यमिति।,अविचारविचारविहीनमिति,	किमु रोदिषि मानसि सर्वसमम्।।29।।"
ASHTAVAKRA GITA,"प्रवृत्तौ वा निवृत्तौ वा नैव धीरस्य दुर्ग्रहः।,यदा यत्कर्तुमायाति तत्कृत्वा तिष्ठतः सुखम्।।18.20।।  "
AVADHUTA GITA,"इह सारसमुच्चयसारमिति ,	कथितं निजभावविभेद इति।,विषये करणत्वमसत्यमिति,	किमु रोदिषि मानसि सर्वसमम्।।30।।"
AVADHUTA GITA,"बहुधा श्रुतयः प्रवदन्ति यतो,	वियदादिरिदं मृगतोयसमम्।,यदि चैकनिरन्तरसर्वसमं,	किमु रोदिषि मानसि सर्वसमम्।।31।।"
ASHTAVAKRA GITA,"निर्वासनो निरालम्बः स्वच्छन्दो मुक्तबन्धनः।,क्षिप्तः संस्कारवातेन चेष्टते शुष्कपर्णवत्।।18.21।।  "
AVADHUTA GITA,"विन्दति विन्दति न हि न हि यत्र,	छन्दोलक्षणं न हि न हि तत्र।,समरसमग्नो भावितपूतः,	प्रलपति तत्त्वं परमवधूतः।।32।।,                 ,                "
ASHTAVAKRA GITA,"असंसारस्य तु क्वापि न हर्षो न विषादता।,स शीतलमना नित्यं विदेह इव राजते।।18.22।।  "
AVADHUTA GITA,"अवधूत उवाच,बहुधा श्रुतयः प्रवदन्ति वयं,	वियदादिरिदं मृगतोयसमम्।,यदि चैकनिरन्तरसर्वशिव,	मुपमेयमथोह्युपमा च कथम्।।1।।"
ASHTAVAKRA GITA,"कुत्रापि न जिहासास्ति नाशो वापि न कुत्रचित्।,आत्मारामस्य धीरस्य शीतलाच्छतरात्मनः।।18.23।।  "
AVADHUTA GITA,"अविभक्तिविभक्ितविहीनपरं,	ननु कार्यविकार्यविहीनपरम्।,यदि चैकनिरन्तरसर्वशिवं,	यजनं च कथं तपनं च कथम्।।2।।"
AVADHUTA GITA,"मन एव निरन्तरसर्वगतं,	ह्यविशालविशालविहीनपरम्।,मन एव निरन्तरसर्वशिवं,	मनसापि कथं वचसा च कथम्।।3।।"
ASHTAVAKRA GITA,"प्रकृत्या शून्यचित्तस्य कुर्वतोऽस्य यदृच्छया।,प्राकृतस्येव धीरस्य न मानो नावमानता।।18.24।।  "
AVADHUTA GITA,"दिनरात्रिविभेदनिराकरण,	मुदितानुदितस्य निराकरणम्।,यदि चैकनिरन्तरसर्वशिवं,	रविचन्द्रमसौ ज्वलनश्च कथम्।।4।।"
ASHTAVAKRA GITA,"कृतं देहेन कर्मेदं न मया शुद्धरूपिणा।,इति चिन्तानुरोधी यः कुर्वन्नपि करोति न।।18.25।।  "
AVADHUTA GITA,"गतकामविकामविभेद इति,	गतचेष्टविचेष्टविभेद इति।,यदि चैकनिरन्तरसर्वशिवं,	बहिरन्तरभिन्नमतिश्च कथम्।।5।।"
ASHTAVAKRA GITA,"अतद्वादीव कुरुते न भवेदपि बालिशः।,जीवन्मुक्तः सुखी श्रीमान् संसरन्नपि शोभते।।18.26।।  "
AVADHUTA GITA,"यदि सारविसारविहीन इति ,	यदि शून्यविशून्यविहीन इति।,यदि चैकनिरन्तरसर्वशिवं,	प्रथमं च कथं चरमं च कथम्।।6।।"
ASHTAVAKRA GITA,"नानाविचारसुश्रान्तो धीरो विश्रान्तिमागतः।,न कल्पते न जानाति न शृणोति न पश्यति।।18.27।।  "
ASHTAVAKRA GITA,"असमाघेरविक्षेपान्न मुमुक्षुर्न चेतरः।,निश्चित्य कल्पितं पश्यन् ब्रह्मैवास्ते महाशयः।।18.28।।  "
AVADHUTA GITA,"यदि भेदविभेदनिराकरणं,	यदि वेदकवेद्यनिराकरणम्।,यदि चैकनिरन्तरसर्वशिवं,	तृतीयं च कथं तुरीयं च कथम्।।7।।"
ASHTAVAKRA GITA,"यस्यान्तः स्यादहङ्कारो न करोति करोति सः।,निरहङ्कारधीरेण न किञ्चिद्धि कृतं कृतम्।।18.29।।  "
AVADHUTA GITA,"गदितागदितं न हि सत्यमिति,	विदिताविदितं न हि सत्यमिति।,यदि चैकनिरन्तरसर्वशिवं,	विषयेन्द्रियबुद्धिमनांसि कथम्।।8।।"
ASHTAVAKRA GITA,"नोद्विग्नं न च सन्तुष्मकर्तृ स्पन्दवर्जितम्।,निराशं गतसन्देहं चित्तं मुक्तस्य राजते।।18.30।।  "
AVADHUTA GITA,"गगनं पवनो न हि सत्यमिति,	धरणी दहनो न हि सत्यमिति।,यदि चैकनिरन्तरसर्वशिवं,	जलदश्च कथं सलिलं च कथम्।।9।।"
AVADHUTA GITA,"यदि कल्पितलोकनिराकरणं,	यदि कल्पितदेवनिराकरणम्।,यदि चैकनिरन्तरसर्वशिवं,	गुणदोषविचारमतिश्च कथम्।।10।।"
ASHTAVAKRA GITA,"निर्ध्यातुं चेष्टितुं वापि यच्चित्तं न प्रवर्तते।,निर्निमित्तमिदं किन्तु निर्ध्यायति विचेष्टते।।18.31।।  "
AVADHUTA GITA,"मरणामरणं हि निराकरणं,	करणाकरणं हि निराकरणम्।,यदि चैकनिरन्तरसर्वशिवं,	गमनागमनं हि कथं वदति।।11।।"
ASHTAVAKRA GITA,"तत्त्वं यथार्थमाकर्ण्य मन्दः प्राप्नोति मूढताम्।,अथवायाति सङ्कोचममूढः कोऽपि मूढवत्।।18.32।।  "
AVADHUTA GITA,"प्रकृतिः पुरुषो न हि भेद इति,	न हि कारणकार्यविभेद इति।,यदि चैकनिरन्तरसर्वशिवं,	पुरुषापुरुषं च कथं वदति।।12।।"
ASHTAVAKRA GITA,"एकाग्रता निरोधो वा मूढैरभ्यस्यते भृशम्।,धीराः कृत्यं न पश्यन्ति सुप्तवत् स्वपदे स्थिताः।।18.33।।  "
AVADHUTA GITA,"तृतीयां न हि दुःखसमागमनं,	न गुणाद्द्वितीयस्य समागमनम्।,यदि चैकनिरन्तरसर्वशिवं	,	स्थविरश्च युवा च शिशुश्च कथम्।।13।।"
ASHTAVAKRA GITA,"अप्रयत्नात् प्रयत्नाद्वा मूढो नाप्नोति निर्वृतिम्।,तत्त्वनिश्चयमात्रेण प्राज्ञो भवति निर्वृतः।।18.34।।  "
AVADHUTA GITA,"ननु आश्रमवर्णविहीनपरं,	ननु कारणकर्तृविहीनपरम्।,यदि चैकनिरन्तरसर्वशिव,	मविनष्टविनष्टमतिश्च कथम्।।14।।"
ASHTAVAKRA GITA,"शुद्धं बुद्धं प्रियं पूर्णं निष्प्रपञ्चं निरामयम्।,आत्मानं तं न जानन्ति तत्राभ्यासपरा जनाः।।18.35।।  "
AVADHUTA GITA,"ग्रसिताग्रसितं च वितथ्यमिति,	जनिताजनितं च वितथ्यमिति।,यदि चैकनिन्तरसर्वशिव,	मविनाशि विनाशि कथं हि भवेत्।।15।।"
ASHTAVAKRA GITA,"नाप्नोति कर्मणा मोक्षं विमूढोऽभ्यासरूपिणा।,धन्यो विज्ञानमात्रेण मुक्तस्तिष्ठत्यविक्रियः।।18.36।।  "
AVADHUTA GITA,"पुरुषापुरुषस्य विनष्टमिति ,	वनितावनितस्य विनष्टमिति।,यदि चैकनिरन्तरसर्वशिव,	मविनोदविनोदमतिश्च कथम्।।16।।"
ASHTAVAKRA GITA,"मूढो नाप्नोति तद्ब्रह्म यतो भवितुमिच्छति।,अनिच्छन्नपि धीरो हि परब्रह्मस्वरूपभाक्।।18.37।।  "
AVADHUTA GITA,"यदि मोहविषादविहीनपरो,	यदि संशयशोकविहीनपरः।,यदि चैकनिरन्तरसर्वशिव,	महमेति ममेति कथं च पुनः।।17।।"
ASHTAVAKRA GITA,"निराधारा ग्रहव्यग्रा मूढाः संसारपोषकाः।,एतस्यानर्थमूलस्य मूलच्छेदः कृतो बुधैः।।18.38।।  "
AVADHUTA GITA,"ननु धर्मविधर्मविनाश इति,	ननु बन्धविबन्धविनाश इति।,यदि चैकनिन्तरसर्वशिव,	मिहदुःखविदुःखमतिश्च कथम्।।18।।"
ASHTAVAKRA GITA,"न शान्तिं लभते मूढो यतः शमितुमिच्छति।,धीरस्तत्त्वं विनिश्चित्य सर्वदा शान्तमानसः।।18.39।।  "
AVADHUTA GITA,"न हि याज्ञिकयज्ञविभाग इति,	न हुताशनवस्तुविभाग इति।,यदि चैकनिरन्तरसर्वशिवं,	वद कर्मफलानि भवन्ति कथम्।।19।।"
ASHTAVAKRA GITA,"क्वात्मनो दर्शनं तस्य यद्दृष्टमवलम्बते।,धीरास्तं तं न पश्यन्ति पश्यन्त्यात्मानमव्ययम्।।18.40।।  "
AVADHUTA GITA,"ननु शोकविशोकविमुक्त इति,	ननु दर्पविदर्पविमुक्त इति।,यदि चैकनिरन्तरसर्वशिवं,	ननु रागविरागमतिश्च कथम्।।20।।"
ASHTAVAKRA GITA,"क्व निरोधो विमूढस्य यो निर्बन्धं करोति वै।,स्वारामस्यैव धीरस्य सर्वदाऽसावकृत्रिमः।।18.41।।  "
AVADHUTA GITA,"न हि मोहविमोहविकार इति,	न हि लोभविलोभविकार इति।,यदि चैकनिरन्तरसर्वशिवं,	ह्यविवेकविवेकमतिश्च कथम्।।21।।"
ASHTAVAKRA GITA,"भावस्य भावकः कश्चिन्न किञ्चिद्भावकोऽपरः।,उभयाभावकः कश्चिदेवमेव निराकुलः।।18.42।।  "
AVADHUTA GITA,"त्वमहं न हि हन्त कदाचिदपि,	कुलजातिविचारमसत्यमिति।,अहमेव शिवः परमार्थ इति,	अभिवादनमत्र करोमि कथम्।।22।।"
ASHTAVAKRA GITA,"शुद्धमद्वयमात्मानं भावयन्ति कुबुद्धयः।,न तु जानन्ति संमोहाद्यावज्जीवमनिर्वृताः।।18.43।।  "
AVADHUTA GITA,"गुरुशिष्यविचारविशीर्ण इति,	उपदेशविचारविशीर्ण इति।,अहमेव शिवः परमार्थ इति,	अभिवादनमत्र करोमि कथम्।।23।।"
ASHTAVAKRA GITA,"मुमुक्षोर्बुद्धिरालम्बमन्तरेण न विद्यते।,निरालम्बैव निष्कामा बुद्धिर्मुक्तस्य सर्वदा।।18.44।।  "
AVADHUTA GITA,"न हि कल्पितदेहविभाग इति,	न हि कल्पितलोकविभाग इति।,अहमेव शिवः परमार्थ इति,	अभिवादनमत्र करोमि कथम्।।24।।"
ASHTAVAKRA GITA,"विषयद्वीपिनो वीक्ष्य चकिताः शरणार्थिनः।,विशन्ति झटिति क्रोडं निरोधैकाग्रसिद्धये।।18.45।।  "
AVADHUTA GITA,"सरजो विरजो न कदाचिदपि,	ननु निर्मलनिश्चलशुद्ध इति।,अहमेव शिवः परमार्थ इति,	अभिवादनमत्र करोमि कथम्।।25।।"
ASHTAVAKRA GITA,"निर्वासनं हरिं दृष्ट्वा तूष्णीं विषयदन्तिनः।,पलायन्ते न शक्तास्ते सेवन्ते कृतचाटवः।।18.46।।  "
AVADHUTA GITA,"न हि देहविदेहविकल्प इति,	अनृतं चरितं न हि सत्यमिति।,अहमेव शिवः परमार्थ इति,	अभिवादनमत्र करोमि कथम्।।26।।"
ASHTAVAKRA GITA,"न मुक्तिकारिकां धत्ते निःशङ्को युक्तमानसः।,पश्यन् शृण्वन् स्पृशन् जिघ्रन्नश्नन्नास्ते यथासुखम्।।18.47।।  "
AVADHUTA GITA,"विन्दति विन्दति न हि न हि यत्र,	छन्दोलक्षणं न हि न हि तत्र।,समरसमग्नो भावितपूतः,	प्रलपति तत्त्वं परमवधूतः।।27।।                  ,                "
ASHTAVAKRA GITA,"वस्तुश्रवणमात्रेण शुद्धबुद्धिर्निराकुलः।,नैवाचारमनाचारमौदास्यं वा प्रपश्यति।।18.48।।  "
AVADHUTA GITA,"अवधूत उवाच,रथ्याकर्पटविरचितकन्थः,	पुण्यापुण्यविवर्जितपन्थः।,शून्यागारे तिष्ठति नग्नो,	शुद्धनिरञ्जनसमरसमग्नः।।1।।"
ASHTAVAKRA GITA,"यदा यत्कर्तुमायाति तदा तत्कुरुते ऋजुः।,शुभं वाप्यशुभं वापि तस्य चेष्टा हि बालवत्।।18.49।।  "
AVADHUTA GITA,"लक्ष्यालक्ष्यविवर्जितलक्ष्यो,	युक्तायुक्तविवर्जितदक्षः।,केवलतत्त्वनिरञ्जनपूतो ,	वादविवादः कथमवधूतः।।2।।"
ASHTAVAKRA GITA,"स्वातन्त्र्यात् सुखमाप्नोति स्वातन्त्र्याल्लभते परम्।,स्वातन्त्र्यान्निर्वृत्तिं गच्छेत् स्वातन्त्र्यात् परमं पदम्।।18.50।।  "
AVADHUTA GITA,"आशापाशविबन्धनमुक्ताः,	शौचाचारविवर्जितयुक्ताः।,एवं सर्वविवर्जितसन्त,	स्तत्त्वं शुद्धनिरञ्जनवन्तः।।3।।"
ASHTAVAKRA GITA,"अकर्तृत्वमभोक्तृत्वं स्वात्मनो मन्यते यदा।,तदा क्षीणा भवन्त्येव समस्ताश्चित्तवृत्तयः।।18.51।।  "
AVADHUTA GITA,"कथमिह देहविदेहविचारः,	कथमिह रागविरागविचारः।,निर्मलनिश्चलगगनाकारं ,	स्वयमिह तत्त्वं सहजाकारम्।।4।।"
ASHTAVAKRA GITA,"उच्छृङ्खलाप्यकृतिका स्थितिर्धीरस्य राजते।,न तु सस्पृहचित्तस्य शान्तिर्मूढस्य कृत्रिमा।।18.52।।  "
AVADHUTA GITA,"कथमिह तत्त्वं विन्दति यत्र,	रूपमरूपं कथमिह तत्र।,गगनाकारः परमो यत्र,	विषयीकरणं कथमिह तत्र।।5।।"
ASHTAVAKRA GITA,"विलसन्ति महाभोगैर्विशन्ति गिरिगह्वरान्।,निरस्तकल्पना धीरा अबद्धा मुक्तबुद्धयः।।18.53।।  "
AVADHUTA GITA,"गगनाकारनिरन्तरहंस,	स्तत्त्वविशुद्धनिरञ्जनहंसः।,एवं कथमिह भिन्नविभिन्नं,	बन्धविबन्धविकारविभिन्नम्।।6।।"
ASHTAVAKRA GITA,"श्रोत्रियं देवतां तीर्थमङ्गनां भूपतिं प्रियम्।,दृष्ट्वा सम्पूज्य धीरस्य न कापि हृदि वासना।।18.54।।  "
AVADHUTA GITA,"केवलतत्त्वनिरन्तरसर्वं,	योगवियोगौ कथमिह गर्वम्।,एवं  परमनिरन्तरसर्व,	मेवं कथमिह सारविसारम्।।7।।"
ASHTAVAKRA GITA,"भृत्यैः पुत्रैः कलत्रैश्च दौहित्रैश्चापि गोत्रजैः।,विहस्य धिक्कृतो योगी न याति विकृतिं मनाक्।।18.55।।  "
AVADHUTA GITA,"केवलतत्त्वनिरञ्जनसर्वं,	गगनाकारनिरन्तरशुद्धम्।,एवं कथमिह सङ्गविसङ्गं ,	सत्यं कथमिह रङ्गविरङ्गम्।।8।।"
ASHTAVAKRA GITA,"सन्तुष्टोऽपि न सन्तुष्ठः खिन्नोऽपि न च खिद्यते।,तस्याश्चर्यदशां तां तां तादृशा एव जानते।।18.56।।  "
AVADHUTA GITA,"योगवियोगै रहितो योगी,	भोगविभोगै रहितो भोगी।,एवं चरति हि मन्दं मन्दं,	मनसा कल्पितसहजानन्दम्।।9।।"
ASHTAVAKRA GITA,"कर्तव्यतैव संसारो न तां पश्यन्ति सूरयः।,शून्याकारा निराकारा निर्विकारा निरामयाः।।18.57।।  "
ASHTAVAKRA GITA,"अकुर्वन्नपि संक्षोभात् व्यग्रः सर्वत्र मूढधीः।,कुर्वन्नपि तु कत्यानि कुशलो हि निराकुलः।।18.58।।  "
AVADHUTA GITA,"बोधविबोधैः सततं युक्तो,	द्वैताद्वैतैः कथमिह मुक्तः,सहजो विरजः कथमिह योगी,	शुद्धनिरञ्जनसमरसभोगी।।10।।"
ASHTAVAKRA GITA,"सुखमास्ते सुखं शेते सुखमायाति याति च।,सुखं वक्ति सुखं भुङ्क्ते व्यवहारेऽपि शान्तधीः।।18.59।।  "
AVADHUTA GITA,"भग्नाभग्नविवर्जितभग्नो ,	लग्नालग्नविवर्जितलग्नः।,एवं कथमिह सारविसारः,	समरसतत्त्वं गगनाकारः।।11।।"
ASHTAVAKRA GITA,"स्वभावाद्यस्य नैवार्तिर्लोकवद्व्यवहारिणः।,महाह्रद इवाक्षोभ्यो गतक्लेशः सुशोभते।।18.60।।  "
AVADHUTA GITA,"सततं सर्वविवर्जितयुक्तः,	सर्वं तत्त्वविवर्जितमुक्तः।,एवं कथमिह जीवितमरणं ,	ध्यानाध्यानैः कथमिह करणम्।।12।।"
ASHTAVAKRA GITA,"निवृत्तिरपि मूढस्य प्रवृत्तिरुपजायते।,प्रवृत्तिरपि धीरस्य निवृत्तिफलभागिनी।।18.61।।  "
AVADHUTA GITA,"इन्द्रजालमिदं सर्वं यथा मरुमरीचिका।,अखण्डितमनाकारो वर्तते केवलः शिवः।।13।।"
ASHTAVAKRA GITA,"परिग्रहेषु वैराग्यं प्रायो मूढस्य दृश्यते।,देहे विगलिताशस्य क्व रागः क्व विरागता।।18.62।।  "
AVADHUTA GITA,"धर्मादौ मोक्षपर्यन्तं निरीहाः सर्वथा वयम्।,कथं रागविरागैश्च कल्पयन्ति विपश्चितः।।14।।"
ASHTAVAKRA GITA,"भावनाभावनासक्ता दृष्टिर्मूढस्य सर्वदा।,भाव्यभावनया सा तु स्वस्थस्यादृष्टिरूपिणी।।18.63।।  "
AVADHUTA GITA,"विन्दति विन्दति न हि न हि यत्र,	छन्दोलक्षणं न हि न हि तत्र।,समरसमग्नो भावितपूतः,	प्रलपति तत्त्वं परमवधूतः।।15।।                  ,                "
ASHTAVAKRA GITA,"सर्वारम्भेषु निष्कामो यश्चरेद्बालवन्मुनिः।,न लेपस्तस्य शुद्धस्य क्रियमाणेऽपि कर्मणि।।18.64।।  "
AVADHUTA GITA,"अवधूत उवाच,त्वद्यात्रया व्यापकता हता ते,	ध्यानेन चेतः परता हता ते।,स्तुत्या मया वाक्परता हता ते ,	क्षमस्व नित्यं त्रिविधापराधान्।।1।।"
ASHTAVAKRA GITA,"स एव धन्य आत्मज्ञः सर्वभावेषु यः समः।,पश्यन् शृण्वन् स्पृशन् जिघ्रन्नश्नन्निस्तर्षमानसः।।18.65।।  "
AVADHUTA GITA,"कामैरहतधीर्दान्तो मृदुः शुचिरकिञ्चनः।,अनीहो मितभुक् शान्तः स्थिरो मच्छरणो मुनिः।।2।।"
ASHTAVAKRA GITA,"क्व संसारः क्व चाभासः क्व साध्यं क्व च साधनम्।,आकाशस्येव धीरस्य निर्विकल्पस्य सर्वदा।।18.66।।  "
AVADHUTA GITA,"अप्रमत्तो गभीरात्मा धृतिमान् जितषड्गुणः।,अमानी मानदः कल्पो मैत्रः कारुणिकः कविः।।3।।"
ASHTAVAKRA GITA," ,स जयत्यर्थसंन्यासी पूर्णस्वरसविग्रहः।,अकृत्रिमोऽनवच्छिन्ने समाधिर्यस्य वर्तते।।18.67।।  "
AVADHUTA GITA,"कृपालुरकृतद्रोहस्तितिक्षुः सर्वदेहिनाम्।,सत्यसारोऽनवद्यात्मा समः सर्वोपकारकः।।4।।"
ASHTAVAKRA GITA,"बहुनात्र किमुक्तेन ज्ञाततत्त्वो महाशयः।,भोगमोक्षनिराकांक्षी सदा सर्वत्र नीरसः।।18.68।।  "
AVADHUTA GITA,"अवधूतूलक्षणं वर्णैर्ज्ञातव्यं भगवत्तमैः।,वेदवर्णार्थतत्त्वज्ञैर्वेदवेदान्तवादिभिः।।5।।"
ASHTAVAKRA GITA,"महदादि जगद्द्वैतं नाममात्रविजृम्भितम्।,विहाय शुद्धबोधस्य किं कृत्यमवशिष्यते।।18.69।।  "
AVADHUTA GITA,"आशापाशविनिर्मुक्त आदिमध्यान्तनिर्मलः।,आनन्दे वर्तते नित्यमकारं तस्य लक्षणम्।।6।।"
ASHTAVAKRA GITA,"भ्रमभूतमिदं सर्वं किञ्चिन्नास्तीति निश्चयी।,अलक्ष्यस्फुरणः शुद्धः स्वभावेनैव शाम्यति।।18.70।।  "
AVADHUTA GITA,"वासना वर्जिता येन वक्तव्यं च निरामयम्।,वर्तमानेषु वर्तेत वकारं तस्य लक्षणम्।।7।।"
ASHTAVAKRA GITA,"शुद्धस्फुरणरूपस्य दृश्यभावमपश्यतः।,क्व विधिः क्व च वैराग्यं क्व त्यागः क्व शमोऽपि वा।।18.71।।  "
ASHTAVAKRA GITA,"स्फुरतोऽनन्तरूपेण प्रकृतिं च न पश्यतः।,क्व बन्धः क्व च वा मोक्षः क्व हर्षः क्व विषादिता।।18.72।।  "
AVADHUTA GITA,"धूलिधूसरगात्राणि धूतचित्तो निरामयः।,धारणाध्याननिर्मुक्तो धूकारस्तस्य लक्षणम्।।8।।"
AVADHUTA GITA,"तत्त्वचिन्ता धृता येन चिन्ताचेष्टाविवर्जितः।,तमोऽहंकारनिर्मुक्तस्तकारस्तस्य लक्षणम्।।9।।"
ASHTAVAKRA GITA,"बुद्धिपर्यन्तसंसारे मायामात्रं विवर्तते।,निर्ममो निरहङ्कारो निष्कामः शोभते बुधः।।18.73।।  "
AVADHUTA GITA,"दत्तात्रेयावधूतेन निर्मितानन्दरूपिणा।,ये पठन्ति च शृण्वन्ति तेषां नैव पुनर्भवः।।10।।                  ,                "
ASHTAVAKRA GITA,"अक्षयं गतसन्तापमात्मानं पश्यतो मुनेः।,क्व विद्या च क्व वा विश्वं क्व देहोऽहं ममेति वा।।18.74।।  "
ASHTAVAKRA GITA,"निरोधादीनि कर्माणि जहाति जडधीर्यदि।,मनोरथान् प्रलापांश्च कर्तृमाप्नोत्यतत्क्षणात्।।18.75।।  "
ASHTAVAKRA GITA,"मन्दः श्रुत्वापि तद्वस्तु न जहाति विमूढताम्।,निर्विकल्पो बहिर्यत्नादन्तर्विषयलालसः।।18.76।।  "
ASHTAVAKRA GITA,"ज्ञानाद्गलितकर्मा यो लोकदृष्ट्यापि कर्मकृत्।,नाप्नोत्यवसरं कर्तुं वक्तुमेव न किञ्चन।।18.77।।  "
ASHTAVAKRA GITA,"क्व तमः क्व प्रकाशो वा हानं क्व च न किञ्चन।,निर्विकारस्य धीरस्य निरातङ्कस्य सर्वदा।।18.78।।  "
ASHTAVAKRA GITA,"क्व धैर्यं क्व विवेकित्वं क्व निरातङ्कतापि वा।,अनिर्वाच्यस्वभावस्य निःस्वभावस्य योगिनः।।18.79।।  "
ASHTAVAKRA GITA,"न स्वर्गो नैव नरको जीवन्मुक्तिर्न चैव हि।,बहुनात्र किमुक्तेन योगदृष्ट्या न किञ्चन।।18.80।।  "
ASHTAVAKRA GITA,"नैव प्रार्थयते लाभं नालाभेनानुशोचति।,धीरस्य शीतलं चित्तममृतेनैव पूरितम्।।18.81।।  "
ASHTAVAKRA GITA,"न शान्तं स्तौति निष्कामो न दुष्टमपि निन्दति।,समदुःखसुखस्तृप्तः किञ्चित् कृत्यं न पश्यति।।18.82।।  "
ASHTAVAKRA GITA,"धीरो न द्वेष्टि संसारमात्मानं न दिदृक्षति।,हर्षामर्षविनिर्मुक्तो न मृतो न च जीवति।।18.83।।  "
ASHTAVAKRA GITA,"निःस्नेहः पुत्रदारादौ निष्कामो विषयेषु च।,निश्चिन्तः स्वशरीरेऽपि निराशः शोभते बुधः।।18.84।।  "
ASHTAVAKRA GITA,"तुष्टिः सर्वत्र धीरस्य यथापतितवर्तिनः।,स्वच्छन्दं चरतो देशान्यत्रास्तमितशायिनः।।18.85।।  "
ASHTAVAKRA GITA,"पततूदेतु वा देहो नास्य चिन्ता महात्मनः।,स्वभावभूमिविश्रान्तिविस्मृताशेषसंसृतेः।।18.86।।  "
ASHTAVAKRA GITA,"अकिञ्चनः कामचारो निर्द्वन्द्वश्छिन्नसंशयः।,असक्तः सर्वभावेषु केवलो रमते बुधः।।18.87।।  "
ASHTAVAKRA GITA,"निर्ममः शोभते धीरः समलोष्टाश्मकाञ्चनः।,सुभिन्नहृदयग्रन्थिर्विनिर्धूतरजस्तमः।।18.88।।  "
ASHTAVAKRA GITA,"सर्वत्रानवधानस्य न किञ्चिद्वासना हृदि।,मुक्तात्मनो वितृप्तस्य तुलना केन जायते।।18.89।।  "
ASHTAVAKRA GITA,"जानन्नपि न जानाति पश्यन्नपि न पश्यति।,ब्रूवन्नपि न च ब्रूते कोऽन्यो निर्वासनादृते।।18.90।।  "
ASHTAVAKRA GITA,"भिक्षुर्वा भूपतिर्वापि यो निष्कामः स शोभते।,भावेषु गलिता यस्य शोभनाशोभना मतिः।।18.91।।  "
ASHTAVAKRA GITA,"क्व स्वाच्छन्द्यं क्व सङ्कोचः क्व वा तत्त्वविनिश्चयः।,निर्व्याजार्जवभूतस्य चरितार्थस्य योगिनः।।18.92।।  "
ASHTAVAKRA GITA,"आत्मविश्रान्तितृप्तेन निराशेन गतार्तिना।,अन्तर्यदनुभूयेत तत्कथं कस्य कथ्यते।।18.93।।  "
ASHTAVAKRA GITA,"सुप्तोऽपि न सुषुप्तौ च स्वप्नेऽपि शयितो न च।,जागरेऽपि न जागर्ति धीरस्तृप्तः पदे पदे।।18.94।।  "
ASHTAVAKRA GITA,"ज्ञः सचिन्तोऽपि निश्चिन्तः सेन्द्रियोऽपि निरिन्द्रियः।,सुबुद्धिरपि निर्बुद्धिः साहङ्कारोऽनहंकृतिः।।18.95।।  "
ASHTAVAKRA GITA,"न सुखी न च वा दुःखी न विरक्तो न सङ्गवान्।,न मुमुक्षुर्न वा मुक्तो न किञ्चिन्न च किञ्चन।।18.96।।  "
ASHTAVAKRA GITA,"विक्षेपेऽपि न विक्षिप्तः समाधौ न समाधिमान्।,जाड्येऽपि न जडो धन्यः पाण्डित्येऽपि न पण्डितः।।18.97।।  "
ASHTAVAKRA GITA,"मुक्तो यथास्थितिस्वस्थः कृतकर्तव्यनिर्वृतः।,समः सर्वत्र वैतृष्ण्यान्न स्मरत्यकृतं कृतम्।।18.98।।  "
ASHTAVAKRA GITA,"न प्रीयते वन्द्यमानो निन्द्यमानो न कुप्यति।,नैवोद्विजति मरणे जीवने नाभिनन्दति।।18.99।।  "
ASHTAVAKRA GITA,"न धावति जनाकीर्णं नारण्यमुपशान्तधीः।,यथातथा यत्रतत्र सम एवावतिष्ठते।।18.100।।,      ,              "
ASHTAVAKRA GITA," ,                   जनक उवाच।,तत्त्वविज्ञानसन्दंशमादाय हृदयोदरात्।,नानाविधपरामर्शशल्योद्धारः कृतो मया।।19.1।।  "
ASHTAVAKRA GITA,"क्व धर्मः क्व च वा कामः क्व चार्थः क्व विवेकिता।,क्व द्वैतं क्व च वाऽद्वैतं स्वमहिम्नि स्थितस्य मे।।19.2।।  "
ASHTAVAKRA GITA,"क्व भूतं क्व भविष्यद्वा वर्तमानमपि क्व वा।,क्व देशः क्व च वा नित्यं स्वमहिम्नि स्थितस्य मे।।19.3।।  "
ASHTAVAKRA GITA,"क्व चात्मा क्व च वानात्मा क्व शुभं क्वाशुभं तथा।,क्व चिन्ता क्व च वाचिन्ता स्वमहिम्नि स्थितस्य मे।।19.4।।  "
ASHTAVAKRA GITA,"क्व स्वप्नः क्व सुषुप्तिर्वा क्व च जागरणं तथा।,क्व तुरीयं भयं वापि स्वमहिम्नि स्थितस्य मे।।19.5।।  "
ASHTAVAKRA GITA,"क्व दूरं क्व समीपं वा बाह्यं क्वाभ्यन्तरं क्व वा।,क्व स्थूलं क्व च वा सूक्ष्मं स्वमहिम्नि स्थितस्य मे।।19.6।।  "
ASHTAVAKRA GITA,"क्व मृत्युर्जीवितं वा क्व लोकाः क्वास्य क्व लौकिकम्।,क्व लयः क्व समाधिर्वा स्वमहिम्नि स्थितस्य मे।।19.7।।  "
ASHTAVAKRA GITA,"अलं त्रिवर्गकथया योगस्य कथयाप्यलम्।,अलं विज्ञानकथया विश्रान्तस्य ममात्मनि।।19.8।। ,             ,              "
ASHTAVAKRA GITA," ,                    जनक उवाच।,क्व भूतानि क्व देहो वा क्वेन्द्रियाणि क्व वा मनः।,क्व शून्यं क्व च नैराश्यं मत्स्वरूपे निरञ्जने।।20.1।।  "
ASHTAVAKRA GITA,"क्व शास्त्रं क्वात्मविज्ञानं क्व वा निर्विषयं मनः।,क्व तृप्तिः क्व वितृष्णत्वं गतद्वन्द्वस्य मे सदा।।20.2।।  "
ASHTAVAKRA GITA,"क्व विद्या क्व च वाविद्या क्वाहं क्वेदं मम क्व वा।,क्व बन्धः क्व च वा मोक्षः स्वरूपस्य क्व रूपिता।।20.3।।  "
ASHTAVAKRA GITA,"क्व प्रारब्धानि कर्माणि जीवन्मुक्तिरपि क्व वा।,क्व तद्विदेहकैवल्यं निर्विशेषस्य सर्वदा।।20.4।।  "
ASHTAVAKRA GITA,"क्व कर्ता क्व च वा भोक्ता निष्क्रियं स्फुरणं क्व वा।,क्वापरोक्षं फलं वा क्व निःस्वभावस्य मे सदा।।20.5।।  "
ASHTAVAKRA GITA,"क्व लोकः क्व मुमुक्षुर्वा क्व योगी ज्ञानवान् क्व वा।,क्व बद्धः क्व च वा मुक्तः स्वस्वरूपेऽहमद्वये।।20.6।।  "
ASHTAVAKRA GITA,"क्व सृष्टिः क्व च संहारः क्व साध्यं क्व च साधनम्।,क्व साधकः क्व सिद्धिर्वा स्वस्वरूपेऽहमद्वये।।20.7।।  "
ASHTAVAKRA GITA,"क्व प्रमाता प्रमाणं वा क्व प्रमेयं क्व च प्रमा।,क्व किञ्चित् क्व न किञ्चिद्वा सर्वदा विमलस्य मे।।20.8।।  "
ASHTAVAKRA GITA,"क्व विक्षेपः क्व चैकाग्रां क्व निर्बोधः क्व मूढता।,क्व हर्षः क्व विषादो वा सर्वदा निष्क्रियस्य मे।।20.9।।  "
ASHTAVAKRA GITA,"क्व चैष व्यवहारो वा क्व च सा परमार्थता।,क्व सुखं क्व च वा दुःखं निर्विमर्शस्य मे सदा।।20.10।।  "
ASHTAVAKRA GITA,"क्व माया क्व च संसारः क्व प्रीतिर्विरतिः क्व वा।,क्व जीवः क्व च तद्ब्रह्म सर्वदा विमलस्य मे।।20.11।।  "
ASHTAVAKRA GITA,"क्व प्रवृत्तिर्निवृत्तिर्वा क्व मुक्तिः क्व च बन्धनम्।,कूटस्थनिर्विभागस्य स्वस्थस्य मम सर्वदा।।20.12।।  "
ASHTAVAKRA GITA,"क्वोपदेशः क्व वा शास्त्रं क्व शिष्यः क्व च वा गुरुः।,क्व चास्ति पुरुषार्थो वा निरुपाधेः शिवस्य मे।।20.13।।  "
ASHTAVAKRA GITA,"क्व चास्ति क्व च वा नास्ति क्वास्ति चैकं क्व च द्वयम्।,बहुनात्र किमुक्तेन किञ्चिन्नोत्तिष्ठते मम।।20.14।।       ,              "
